<?xml version="1.0" encoding="UTF-8"?>
<?xml-model href="span.rng" type="application/xml" schematypens="http://relaxng.org/ns/structure/1.0"?>

<layer docid="TLX_CE2007.000000" xmlns="http://ids-mannheim.de/ns/KorAP" version="KorAP-0.4">
  <spanList>
    <span id="t_0" from="0" to="8" />
    <span id="t_1" from="9" to="19" />
    <span id="t_2" from="20" to="22" />
    <span id="t_3" from="23" to="30" />
    <span id="t_4" from="31" to="39" />
    <span id="t_5" from="40" to="41" />
    <span id="t_6" from="42" to="45" />
    <span id="t_7" from="46" to="51" />
    <span id="t_8" from="52" to="56" />
    <span id="t_9" from="57" to="61" />
    <span id="t_10" from="62" to="63" />
    <span id="t_11" from="64" to="73" />
    <span id="t_12" from="74" to="77" />
    <span id="t_13" from="78" to="83" />
    <span id="t_14" from="84" to="85" />
    <span id="t_15" from="86" to="94" />
    <span id="t_16" from="95" to="96" />
    <span id="t_17" from="97" to="100" />
    <span id="t_18" from="101" to="104" />
    <span id="t_19" from="105" to="110" />
    <span id="t_20" from="111" to="112" />
    <span id="t_21" from="113" to="121" />
    <span id="t_22" from="122" to="127" />
    <span id="t_23" from="128" to="129" />
    <span id="t_24" from="130" to="133" />
    <span id="t_25" from="134" to="140" />
    <span id="t_26" from="141" to="158" />
    <span id="t_27" from="159" to="164" />
    <span id="t_28" from="165" to="178" />
    <span id="t_29" from="179" to="180" />
    <span id="t_30" from="181" to="184" />
    <span id="t_31" from="185" to="190" />
    <span id="t_32" from="191" to="194" />
    <span id="t_33" from="195" to="197" />
    <span id="t_34" from="198" to="201" />
    <span id="t_35" from="202" to="213" />
    <span id="t_36" from="214" to="222" />
    <span id="t_37" from="223" to="230" />
    <span id="t_38" from="231" to="237" />
    <span id="t_39" from="238" to="245" />
    <span id="t_40" from="246" to="252" />
    <span id="t_41" from="253" to="259" />
    <span id="t_42" from="260" to="263" />
    <span id="t_43" from="264" to="273" />
    <span id="t_44" from="274" to="279" />
    <span id="t_45" from="280" to="281" />
    <span id="t_46" from="282" to="285" />
    <span id="t_47" from="286" to="291" />
    <span id="t_48" from="292" to="297" />
    <span id="t_49" from="298" to="301" />
    <span id="t_50" from="302" to="307" />
    <span id="t_51" from="308" to="310" />
    <span id="t_52" from="311" to="316" />
    <span id="t_53" from="317" to="322" />
    <span id="t_54" from="323" to="324" />
    <span id="t_55" from="325" to="333" />
    <span id="t_56" from="334" to="335" />
    <span id="t_57" from="336" to="339" />
    <span id="t_58" from="340" to="346" />
    <span id="t_59" from="347" to="353" />
    <span id="t_60" from="354" to="356" />
    <span id="t_61" from="357" to="368" />
    <span id="t_62" from="369" to="372" />
    <span id="t_63" from="373" to="376" />
    <span id="t_64" from="377" to="386" />
    <span id="t_65" from="387" to="398" />
    <span id="t_66" from="399" to="412" />
    <span id="t_67" from="413" to="414" />
    <span id="t_68" from="415" to="420" />
    <span id="t_69" from="421" to="425" />
    <span id="t_70" from="426" to="430" />
    <span id="t_71" from="431" to="437" />
    <span id="t_72" from="438" to="445" />
    <span id="t_73" from="446" to="455" />
    <span id="t_74" from="456" to="457" />
    <span id="t_75" from="458" to="461" />
    <span id="t_76" from="462" to="465" />
    <span id="t_77" from="466" to="469" />
    <span id="t_78" from="470" to="474" />
    <span id="t_79" from="475" to="476" />
    <span id="t_80" from="477" to="480" />
    <span id="t_81" from="481" to="486" />
    <span id="t_82" from="487" to="491" />
    <span id="t_83" from="492" to="494" />
    <span id="t_84" from="495" to="501" />
    <span id="t_85" from="502" to="503" />
    <span id="t_86" from="504" to="507" />
    <span id="t_87" from="508" to="521" />
    <span id="t_88" from="522" to="524" />
    <span id="t_89" from="525" to="530" />
    <span id="t_90" from="531" to="535" />
    <span id="t_91" from="536" to="541" />
    <span id="t_92" from="542" to="546" />
    <span id="t_93" from="547" to="563" />
    <span id="t_94" from="564" to="573" />
    <span id="t_95" from="574" to="575" />
    <span id="t_96" from="576" to="579" />
    <span id="t_97" from="580" to="583" />
    <span id="t_98" from="584" to="587" />
    <span id="t_99" from="588" to="592" />
    <span id="t_100" from="593" to="596" />
    <span id="t_101" from="597" to="601" />
    <span id="t_102" from="602" to="609" />
    <span id="t_103" from="610" to="613" />
    <span id="t_104" from="614" to="619" />
    <span id="t_105" from="620" to="627" />
    <span id="t_106" from="628" to="629" />
    <span id="t_107" from="630" to="633" />
    <span id="t_108" from="634" to="639" />
    <span id="t_109" from="640" to="643" />
    <span id="t_110" from="644" to="655" />
    <span id="t_111" from="656" to="670" />
    <span id="t_112" from="671" to="677" />
    <span id="t_113" from="678" to="680" />
    <span id="t_114" from="681" to="688" />
    <span id="t_115" from="689" to="700" />
    <span id="t_116" from="701" to="704" />
    <span id="t_117" from="705" to="708" />
    <span id="t_118" from="709" to="721" />
    <span id="t_119" from="722" to="732" />
    <span id="t_120" from="733" to="734" />
    <span id="t_121" from="735" to="740" />
    <span id="t_122" from="741" to="745" />
    <span id="t_123" from="746" to="751" />
    <span id="t_124" from="752" to="757" />
    <span id="t_125" from="758" to="762" />
    <span id="t_126" from="763" to="764" />
    <span id="t_127" from="765" to="768" />
    <span id="t_128" from="769" to="774" />
    <span id="t_129" from="775" to="782" />
    <span id="t_130" from="783" to="786" />
    <span id="t_131" from="787" to="792" />
    <span id="t_132" from="793" to="802" />
    <span id="t_133" from="803" to="819" />
    <span id="t_134" from="820" to="826" />
    <span id="t_135" from="827" to="835" />
    <span id="t_136" from="836" to="837" />
    <span id="t_137" from="838" to="844" />
    <span id="t_138" from="845" to="852" />
    <span id="t_139" from="853" to="858" />
    <span id="t_140" from="859" to="862" />
    <span id="t_141" from="863" to="866" />
    <span id="t_142" from="867" to="879" />
    <span id="t_143" from="880" to="882" />
    <span id="t_144" from="883" to="890" />
    <span id="t_145" from="891" to="898" />
    <span id="t_146" from="899" to="900" />
    <span id="t_147" from="901" to="908" />
    <span id="t_148" from="909" to="913" />
    <span id="t_149" from="914" to="917" />
    <span id="t_150" from="918" to="942" />
    <span id="t_151" from="943" to="946" />
    <span id="t_152" from="947" to="959" />
    <span id="t_153" from="960" to="965" />
    <span id="t_154" from="966" to="967" />
    <span id="t_155" from="968" to="971" />
    <span id="t_156" from="972" to="978" />
    <span id="t_157" from="979" to="982" />
    <span id="t_158" from="983" to="989" />
    <span id="t_159" from="990" to="1004" />
    <span id="t_160" from="1005" to="1008" />
    <span id="t_161" from="1009" to="1010" />
    <span id="t_162" from="1011" to="1014" />
    <span id="t_163" from="1015" to="1016" />
    <span id="t_164" from="1017" to="1023" />
    <span id="t_165" from="1024" to="1035" />
    <span id="t_166" from="1036" to="1050" />
    <span id="t_167" from="1051" to="1057" />
    <span id="t_168" from="1058" to="1061" />
    <span id="t_169" from="1062" to="1063" />
    <span id="t_170" from="1064" to="1067" />
    <span id="t_171" from="1068" to="1080" />
    <span id="t_172" from="1081" to="1085" />
    <span id="t_173" from="1086" to="1098" />
    <span id="t_174" from="1099" to="1105" />
    <span id="t_175" from="1106" to="1108" />
    <span id="t_176" from="1109" to="1115" />
    <span id="t_177" from="1116" to="1121" />
    <span id="t_178" from="1122" to="1126" />
    <span id="t_179" from="1127" to="1128" />
    <span id="t_180" from="1129" to="1134" />
    <span id="t_181" from="1135" to="1138" />
    <span id="t_182" from="1139" to="1142" />
    <span id="t_183" from="1143" to="1149" />
    <span id="t_184" from="1150" to="1156" />
    <span id="t_185" from="1157" to="1163" />
    <span id="t_186" from="1164" to="1170" />
    <span id="t_187" from="1171" to="1174" />
    <span id="t_188" from="1175" to="1180" />
    <span id="t_189" from="1181" to="1188" />
    <span id="t_190" from="1189" to="1190" />
    <span id="t_191" from="1191" to="1196" />
    <span id="t_192" from="1197" to="1199" />
    <span id="t_193" from="1200" to="1207" />
    <span id="t_194" from="1208" to="1214" />
    <span id="t_195" from="1215" to="1227" />
    <span id="t_196" from="1228" to="1231" />
    <span id="t_197" from="1232" to="1234" />
    <span id="t_198" from="1235" to="1237" />
    <span id="t_199" from="1238" to="1247" />
    <span id="t_200" from="1248" to="1266" />
    <span id="t_201" from="1267" to="1278" />
    <span id="t_202" from="1279" to="1286" />
    <span id="t_203" from="1287" to="1288" />
    <span id="t_204" from="1289" to="1294" />
    <span id="t_205" from="1295" to="1298" />
    <span id="t_206" from="1299" to="1303" />
    <span id="t_207" from="1304" to="1310" />
    <span id="t_208" from="1311" to="1312" />
    <span id="t_209" from="1313" to="1319" />
    <span id="t_210" from="1320" to="1326" />
    <span id="t_211" from="1327" to="1328" />
    <span id="t_212" from="1329" to="1339" />
    <span id="t_213" from="1340" to="1351" />
    <span id="t_214" from="1352" to="1353" />
    <span id="t_215" from="1354" to="1358" />
    <span id="t_216" from="1359" to="1365" />
    <span id="t_217" from="1366" to="1369" />
    <span id="t_218" from="1370" to="1378" />
    <span id="t_219" from="1379" to="1380" />
    <span id="t_220" from="1381" to="1384" />
    <span id="t_221" from="1385" to="1395" />
    <span id="t_222" from="1396" to="1398" />
    <span id="t_223" from="1399" to="1402" />
    <span id="t_224" from="1403" to="1404" />
    <span id="t_225" from="1405" to="1408" />
    <span id="t_226" from="1409" to="1415" />
    <span id="t_227" from="1416" to="1423" />
    <span id="t_228" from="1424" to="1430" />
    <span id="t_229" from="1431" to="1432" />
    <span id="t_230" from="1433" to="1436" />
    <span id="t_231" from="1437" to="1440" />
    <span id="t_232" from="1441" to="1444" />
    <span id="t_233" from="1445" to="1452" />
    <span id="t_234" from="1453" to="1457" />
    <span id="t_235" from="1458" to="1465" />
    <span id="t_236" from="1466" to="1471" />
    <span id="t_237" from="1472" to="1476" />
    <span id="t_238" from="1477" to="1478" />
    <span id="t_239" from="1479" to="1482" />
    <span id="t_240" from="1483" to="1489" />
    <span id="t_241" from="1490" to="1493" />
    <span id="t_242" from="1494" to="1500" />
    <span id="t_243" from="1501" to="1518" />
    <span id="t_244" from="1519" to="1520" />
    <span id="t_245" from="1521" to="1527" />
    <span id="t_246" from="1528" to="1531" />
    <span id="t_247" from="1532" to="1535" />
    <span id="t_248" from="1536" to="1539" />
    <span id="t_249" from="1540" to="1549" />
    <span id="t_250" from="1550" to="1559" />
    <span id="t_251" from="1560" to="1567" />
    <span id="t_252" from="1568" to="1569" />
    <span id="t_253" from="1570" to="1576" />
    <span id="t_254" from="1577" to="1594" />
    <span id="t_255" from="1595" to="1601" />
    <span id="t_256" from="1602" to="1605" />
    <span id="t_257" from="1606" to="1609" />
    <span id="t_258" from="1610" to="1620" />
    <span id="t_259" from="1621" to="1624" />
    <span id="t_260" from="1625" to="1637" />
    <span id="t_261" from="1638" to="1647" />
    <span id="t_262" from="1648" to="1652" />
    <span id="t_263" from="1653" to="1661" />
    <span id="t_264" from="1662" to="1663" />
    <span id="t_265" from="1664" to="1668" />
    <span id="t_266" from="1669" to="1674" />
    <span id="t_267" from="1675" to="1676" />
    <span id="t_268" from="1677" to="1680" />
    <span id="t_269" from="1681" to="1692" />
    <span id="t_270" from="1693" to="1696" />
    <span id="t_271" from="1697" to="1701" />
    <span id="t_272" from="1702" to="1709" />
    <span id="t_273" from="1710" to="1725" />
    <span id="t_274" from="1726" to="1727" />
    <span id="t_275" from="1728" to="1731" />
    <span id="t_276" from="1732" to="1738" />
    <span id="t_277" from="1739" to="1743" />
    <span id="t_278" from="1744" to="1745" />
    <span id="t_279" from="1746" to="1748" />
    <span id="t_280" from="1749" to="1752" />
    <span id="t_281" from="1753" to="1756" />
    <span id="t_282" from="1757" to="1761" />
    <span id="t_283" from="1762" to="1771" />
    <span id="t_284" from="1772" to="1780" />
    <span id="t_285" from="1781" to="1787" />
    <span id="t_286" from="1788" to="1789" />
    <span id="t_287" from="1790" to="1793" />
    <span id="t_288" from="1794" to="1798" />
    <span id="t_289" from="1799" to="1811" />
    <span id="t_290" from="1812" to="1815" />
    <span id="t_291" from="1816" to="1831" />
    <span id="t_292" from="1832" to="1835" />
    <span id="t_293" from="1836" to="1853" />
    <span id="t_294" from="1854" to="1859" />
    <span id="t_295" from="1860" to="1864" />
    <span id="t_296" from="1865" to="1870" />
    <span id="t_297" from="1871" to="1875" />
    <span id="t_298" from="1876" to="1878" />
    <span id="t_299" from="1879" to="1889" />
    <span id="t_300" from="1890" to="1900" />
    <span id="t_301" from="1901" to="1910" />
    <span id="t_302" from="1911" to="1912" />
    <span id="t_303" from="1913" to="1916" />
    <span id="t_304" from="1917" to="1922" />
    <span id="t_305" from="1923" to="1924" />
    <span id="t_306" from="1925" to="1928" />
    <span id="t_307" from="1929" to="1933" />
    <span id="t_308" from="1934" to="1937" />
    <span id="t_309" from="1938" to="1949" />
    <span id="t_310" from="1950" to="1953" />
    <span id="t_311" from="1954" to="1961" />
    <span id="t_312" from="1962" to="1969" />
    <span id="t_313" from="1970" to="1976" />
    <span id="t_314" from="1977" to="1980" />
    <span id="t_315" from="1981" to="1987" />
    <span id="t_316" from="1988" to="1994" />
    <span id="t_317" from="1995" to="2005" />
    <span id="t_318" from="2006" to="2007" />
    <span id="t_319" from="2008" to="2012" />
    <span id="t_320" from="2013" to="2016" />
    <span id="t_321" from="2017" to="2026" />
    <span id="t_322" from="2027" to="2031" />
    <span id="t_323" from="2032" to="2041" />
    <span id="t_324" from="2042" to="2046" />
    <span id="t_325" from="2047" to="2048" />
    <span id="t_326" from="2049" to="2052" />
    <span id="t_327" from="2053" to="2059" />
    <span id="t_328" from="2060" to="2063" />
    <span id="t_329" from="2064" to="2071" />
    <span id="t_330" from="2072" to="2080" />
    <span id="t_331" from="2081" to="2090" />
    <span id="t_332" from="2091" to="2092" />
    <span id="t_333" from="2093" to="2096" />
    <span id="t_334" from="2097" to="2105" />
    <span id="t_335" from="2106" to="2109" />
    <span id="t_336" from="2110" to="2122" />
    <span id="t_337" from="2123" to="2127" />
    <span id="t_338" from="2128" to="2131" />
    <span id="t_339" from="2132" to="2135" />
    <span id="t_340" from="2136" to="2142" />
    <span id="t_341" from="2143" to="2154" />
    <span id="t_342" from="2155" to="2158" />
    <span id="t_343" from="2159" to="2176" />
    <span id="t_344" from="2177" to="2179" />
    <span id="t_345" from="2180" to="2196" />
    <span id="t_346" from="2197" to="2198" />
    <span id="t_347" from="2199" to="2203" />
    <span id="t_348" from="2204" to="2207" />
    <span id="t_349" from="2208" to="2219" />
    <span id="t_350" from="2220" to="2224" />
    <span id="t_351" from="2225" to="2228" />
    <span id="t_352" from="2229" to="2235" />
    <span id="t_353" from="2236" to="2250" />
    <span id="t_354" from="2251" to="2254" />
    <span id="t_355" from="2255" to="2258" />
    <span id="t_356" from="2259" to="2269" />
    <span id="t_357" from="2270" to="2273" />
    <span id="t_358" from="2274" to="2276" />
    <span id="t_359" from="2277" to="2280" />
    <span id="t_360" from="2281" to="2284" />
    <span id="t_361" from="2285" to="2290" />
    <span id="t_362" from="2291" to="2302" />
    <span id="t_363" from="2303" to="2307" />
    <span id="t_364" from="2308" to="2313" />
    <span id="t_365" from="2314" to="2319" />
    <span id="t_366" from="2320" to="2321" />
    <span id="t_367" from="2322" to="2329" />
    <span id="t_368" from="2330" to="2334" />
    <span id="t_369" from="2335" to="2347" />
    <span id="t_370" from="2348" to="2355" />
    <span id="t_371" from="2356" to="2357" />
    <span id="t_372" from="2358" to="2361" />
    <span id="t_373" from="2362" to="2373" />
    <span id="t_374" from="2374" to="2387" />
    <span id="t_375" from="2388" to="2391" />
    <span id="t_376" from="2392" to="2411" />
    <span id="t_377" from="2412" to="2415" />
    <span id="t_378" from="2416" to="2433" />
    <span id="t_379" from="2434" to="2437" />
    <span id="t_380" from="2438" to="2444" />
    <span id="t_381" from="2445" to="2447" />
    <span id="t_382" from="2448" to="2455" />
    <span id="t_383" from="2456" to="2457" />
    <span id="t_384" from="2458" to="2461" />
    <span id="t_385" from="2462" to="2474" />
    <span id="t_386" from="2475" to="2485" />
    <span id="t_387" from="2486" to="2490" />
    <span id="t_388" from="2491" to="2492" />
    <span id="t_389" from="2493" to="2494" />
    <span id="t_390" from="2495" to="2499" />
    <span id="t_391" from="2500" to="2503" />
    <span id="t_392" from="2504" to="2508" />
    <span id="t_393" from="2509" to="2512" />
    <span id="t_394" from="2513" to="2520" />
    <span id="t_395" from="2521" to="2525" />
    <span id="t_396" from="2526" to="2527" />
    <span id="t_397" from="2528" to="2533" />
    <span id="t_398" from="2534" to="2537" />
    <span id="t_399" from="2538" to="2543" />
    <span id="t_400" from="2544" to="2556" />
    <span id="t_401" from="2557" to="2558" />
    <span id="t_402" from="2559" to="2562" />
    <span id="t_403" from="2563" to="2570" />
    <span id="t_404" from="2571" to="2576" />
    <span id="t_405" from="2577" to="2587" />
    <span id="t_406" from="2588" to="2589" />
    <span id="t_407" from="2590" to="2591" />
    <span id="t_408" from="2592" to="2607" />
    <span id="t_409" from="2608" to="2611" />
    <span id="t_410" from="2612" to="2616" />
    <span id="t_411" from="2617" to="2626" />
    <span id="t_412" from="2627" to="2628" />
    <span id="t_413" from="2629" to="2633" />
    <span id="t_414" from="2634" to="2637" />
    <span id="t_415" from="2638" to="2644" />
    <span id="t_416" from="2645" to="2651" />
    <span id="t_417" from="2652" to="2667" />
    <span id="t_418" from="2668" to="2674" />
    <span id="t_419" from="2675" to="2679" />
    <span id="t_420" from="2680" to="2681" />
    <span id="t_421" from="2682" to="2688" />
    <span id="t_422" from="2689" to="2692" />
    <span id="t_423" from="2693" to="2697" />
    <span id="t_424" from="2698" to="2699" />
    <span id="t_425" from="2700" to="2705" />
    <span id="t_426" from="2706" to="2720" />
    <span id="t_427" from="2721" to="2740" />
    <span id="t_428" from="2741" to="2753" />
    <span id="t_429" from="2754" to="2755" />
    <span id="t_430" from="2756" to="2759" />
    <span id="t_431" from="2760" to="2763" />
    <span id="t_432" from="2764" to="2767" />
    <span id="t_433" from="2768" to="2770" />
    <span id="t_434" from="2771" to="2774" />
    <span id="t_435" from="2775" to="2782" />
    <span id="t_436" from="2783" to="2784" />
    <span id="t_437" from="2785" to="2788" />
    <span id="t_438" from="2789" to="2792" />
    <span id="t_439" from="2793" to="2796" />
    <span id="t_440" from="2797" to="2808" />
    <span id="t_441" from="2809" to="2825" />
    <span id="t_442" from="2826" to="2837" />
    <span id="t_443" from="2838" to="2839" />
    <span id="t_444" from="2840" to="2843" />
    <span id="t_445" from="2844" to="2847" />
    <span id="t_446" from="2848" to="2866" />
    <span id="t_447" from="2867" to="2871" />
    <span id="t_448" from="2872" to="2877" />
    <span id="t_449" from="2878" to="2886" />
    <span id="t_450" from="2887" to="2892" />
    <span id="t_451" from="2893" to="2900" />
    <span id="t_452" from="2901" to="2907" />
    <span id="t_453" from="2908" to="2909" />
    <span id="t_454" from="2910" to="2915" />
    <span id="t_455" from="2916" to="2918" />
    <span id="t_456" from="2919" to="2925" />
    <span id="t_457" from="2926" to="2929" />
    <span id="t_458" from="2930" to="2933" />
    <span id="t_459" from="2934" to="2943" />
    <span id="t_460" from="2944" to="2945" />
    <span id="t_461" from="2946" to="2949" />
    <span id="t_462" from="2950" to="2955" />
    <span id="t_463" from="2956" to="2959" />
    <span id="t_464" from="2960" to="2963" />
    <span id="t_465" from="2964" to="2969" />
    <span id="t_466" from="2970" to="2973" />
    <span id="t_467" from="2974" to="2989" />
    <span id="t_468" from="2990" to="2991" />
    <span id="t_469" from="2992" to="2996" />
    <span id="t_470" from="2997" to="3004" />
    <span id="t_471" from="3005" to="3008" />
    <span id="t_472" from="3009" to="3012" />
    <span id="t_473" from="3013" to="3017" />
    <span id="t_474" from="3018" to="3029" />
    <span id="t_475" from="3030" to="3037" />
    <span id="t_476" from="3038" to="3039" />
    <span id="t_477" from="3040" to="3047" />
    <span id="t_478" from="3048" to="3051" />
    <span id="t_479" from="3052" to="3055" />
    <span id="t_480" from="3056" to="3066" />
    <span id="t_481" from="3067" to="3068" />
    <span id="t_482" from="3069" to="3073" />
    <span id="t_483" from="3074" to="3078" />
    <span id="t_484" from="3079" to="3087" />
    <span id="t_485" from="3088" to="3094" />
    <span id="t_486" from="3095" to="3096" />
    <span id="t_487" from="3097" to="3101" />
    <span id="t_488" from="3102" to="3106" />
    <span id="t_489" from="3107" to="3109" />
    <span id="t_490" from="3110" to="3116" />
    <span id="t_491" from="3117" to="3123" />
    <span id="t_492" from="3124" to="3131" />
    <span id="t_493" from="3132" to="3140" />
    <span id="t_494" from="3141" to="3148" />
    <span id="t_495" from="3149" to="3152" />
    <span id="t_496" from="3153" to="3156" />
    <span id="t_497" from="3157" to="3159" />
    <span id="t_498" from="3160" to="3161" />
    <span id="t_499" from="3162" to="3164" />
    <span id="t_500" from="3165" to="3168" />
    <span id="t_501" from="3169" to="3173" />
    <span id="t_502" from="3174" to="3182" />
    <span id="t_503" from="3183" to="3184" />
    <span id="t_504" from="3185" to="3189" />
    <span id="t_505" from="3190" to="3197" />
    <span id="t_506" from="3198" to="3212" />
    <span id="t_507" from="3213" to="3216" />
    <span id="t_508" from="3217" to="3220" />
    <span id="t_509" from="3221" to="3232" />
    <span id="t_510" from="3233" to="3238" />
    <span id="t_511" from="3239" to="3242" />
    <span id="t_512" from="3243" to="3259" />
    <span id="t_513" from="3260" to="3266" />
    <span id="t_514" from="3267" to="3276" />
    <span id="t_515" from="3277" to="3285" />
    <span id="t_516" from="3286" to="3292" />
    <span id="t_517" from="3293" to="3294" />
    <span id="t_518" from="3295" to="3299" />
    <span id="t_519" from="3300" to="3313" />
    <span id="t_520" from="3314" to="3317" />
    <span id="t_521" from="3318" to="3330" />
    <span id="t_522" from="3331" to="3336" />
    <span id="t_523" from="3337" to="3340" />
    <span id="t_524" from="3341" to="3343" />
    <span id="t_525" from="3344" to="3347" />
    <span id="t_526" from="3348" to="3349" />
    <span id="t_527" from="3350" to="3354" />
    <span id="t_528" from="3355" to="3357" />
    <span id="t_529" from="3358" to="3360" />
    <span id="t_530" from="3361" to="3374" />
    <span id="t_531" from="3375" to="3380" />
    <span id="t_532" from="3381" to="3385" />
    <span id="t_533" from="3386" to="3389" />
    <span id="t_534" from="3390" to="3397" />
    <span id="t_535" from="3398" to="3405" />
    <span id="t_536" from="3406" to="3412" />
    <span id="t_537" from="3413" to="3417" />
    <span id="t_538" from="3418" to="3419" />
    <span id="t_539" from="3420" to="3423" />
    <span id="t_540" from="3424" to="3427" />
    <span id="t_541" from="3428" to="3434" />
    <span id="t_542" from="3435" to="3438" />
    <span id="t_543" from="3439" to="3441" />
    <span id="t_544" from="3442" to="3445" />
    <span id="t_545" from="3446" to="3449" />
    <span id="t_546" from="3450" to="3456" />
    <span id="t_547" from="3457" to="3461" />
    <span id="t_548" from="3462" to="3466" />
    <span id="t_549" from="3467" to="3473" />
    <span id="t_550" from="3474" to="3475" />
    <span id="t_551" from="3476" to="3478" />
    <span id="t_552" from="3479" to="3483" />
    <span id="t_553" from="3484" to="3487" />
    <span id="t_554" from="3488" to="3503" />
    <span id="t_555" from="3504" to="3510" />
    <span id="t_556" from="3511" to="3512" />
    <span id="t_557" from="3513" to="3524" />
    <span id="t_558" from="3525" to="3527" />
    <span id="t_559" from="3528" to="3534" />
    <span id="t_560" from="3535" to="3536" />
    <span id="t_561" from="3537" to="3540" />
    <span id="t_562" from="3541" to="3545" />
    <span id="t_563" from="3546" to="3549" />
    <span id="t_564" from="3550" to="3553" />
    <span id="t_565" from="3554" to="3572" />
    <span id="t_566" from="3573" to="3577" />
    <span id="t_567" from="3578" to="3581" />
    <span id="t_568" from="3582" to="3588" />
    <span id="t_569" from="3589" to="3597" />
    <span id="t_570" from="3598" to="3601" />
    <span id="t_571" from="3602" to="3610" />
    <span id="t_572" from="3611" to="3613" />
    <span id="t_573" from="3614" to="3617" />
    <span id="t_574" from="3618" to="3631" />
    <span id="t_575" from="3632" to="3640" />
    <span id="t_576" from="3641" to="3644" />
    <span id="t_577" from="3645" to="3652" />
    <span id="t_578" from="3653" to="3656" />
    <span id="t_579" from="3657" to="3660" />
    <span id="t_580" from="3661" to="3672" />
    <span id="t_581" from="3673" to="3679" />
    <span id="t_582" from="3680" to="3681" />
    <span id="t_583" from="3682" to="3685" />
    <span id="t_584" from="3686" to="3693" />
    <span id="t_585" from="3694" to="3696" />
    <span id="t_586" from="3697" to="3702" />
    <span id="t_587" from="3703" to="3707" />
    <span id="t_588" from="3708" to="3709" />
    <span id="t_589" from="3710" to="3714" />
    <span id="t_590" from="3715" to="3718" />
    <span id="t_591" from="3719" to="3734" />
    <span id="t_592" from="3735" to="3740" />
    <span id="t_593" from="3741" to="3750" />
    <span id="t_594" from="3751" to="3761" />
    <span id="t_595" from="3762" to="3768" />
    <span id="t_596" from="3769" to="3773" />
    <span id="t_597" from="3774" to="3780" />
    <span id="t_598" from="3781" to="3784" />
    <span id="t_599" from="3785" to="3788" />
    <span id="t_600" from="3789" to="3800" />
    <span id="t_601" from="3801" to="3804" />
    <span id="t_602" from="3805" to="3812" />
    <span id="t_603" from="3813" to="3815" />
    <span id="t_604" from="3816" to="3827" />
    <span id="t_605" from="3828" to="3834" />
    <span id="t_606" from="3835" to="3839" />
    <span id="t_607" from="3840" to="3841" />
    <span id="t_608" from="3842" to="3845" />
    <span id="t_609" from="3846" to="3852" />
    <span id="t_610" from="3853" to="3858" />
    <span id="t_611" from="3859" to="3861" />
    <span id="t_612" from="3862" to="3866" />
    <span id="t_613" from="3867" to="3872" />
    <span id="t_614" from="3873" to="3881" />
    <span id="t_615" from="3882" to="3885" />
    <span id="t_616" from="3886" to="3889" />
    <span id="t_617" from="3890" to="3903" />
    <span id="t_618" from="3904" to="3915" />
    <span id="t_619" from="3916" to="3926" />
    <span id="t_620" from="3927" to="3930" />
    <span id="t_621" from="3931" to="3940" />
    <span id="t_622" from="3941" to="3943" />
    <span id="t_623" from="3944" to="3947" />
    <span id="t_624" from="3948" to="3959" />
    <span id="t_625" from="3960" to="3968" />
    <span id="t_626" from="3969" to="3973" />
    <span id="t_627" from="3974" to="3980" />
    <span id="t_628" from="3981" to="3992" />
    <span id="t_629" from="3993" to="3994" />
    <span id="t_630" from="3995" to="3998" />
    <span id="t_631" from="3999" to="4003" />
    <span id="t_632" from="4004" to="4007" />
    <span id="t_633" from="4008" to="4017" />
    <span id="t_634" from="4018" to="4025" />
    <span id="t_635" from="4026" to="4027" />
    <span id="t_636" from="4028" to="4031" />
    <span id="t_637" from="4032" to="4040" />
    <span id="t_638" from="4041" to="4045" />
    <span id="t_639" from="4046" to="4049" />
    <span id="t_640" from="4050" to="4056" />
    <span id="t_641" from="4057" to="4058" />
    <span id="t_642" from="4059" to="4063" />
    <span id="t_643" from="4064" to="4067" />
    <span id="t_644" from="4068" to="4073" />
    <span id="t_645" from="4074" to="4077" />
    <span id="t_646" from="4078" to="4082" />
    <span id="t_647" from="4083" to="4087" />
    <span id="t_648" from="4088" to="4095" />
    <span id="t_649" from="4096" to="4102" />
    <span id="t_650" from="4103" to="4112" />
    <span id="t_651" from="4113" to="4114" />
    <span id="t_652" from="4115" to="4119" />
    <span id="t_653" from="4120" to="4122" />
    <span id="t_654" from="4123" to="4125" />
    <span id="t_655" from="4126" to="4129" />
    <span id="t_656" from="4130" to="4141" />
    <span id="t_657" from="4142" to="4147" />
    <span id="t_658" from="4148" to="4152" />
    <span id="t_659" from="4153" to="4154" />
    <span id="t_660" from="4155" to="4158" />
    <span id="t_661" from="4159" to="4168" />
    <span id="t_662" from="4169" to="4172" />
    <span id="t_663" from="4173" to="4180" />
    <span id="t_664" from="4181" to="4184" />
    <span id="t_665" from="4185" to="4197" />
    <span id="t_666" from="4198" to="4205" />
    <span id="t_667" from="4206" to="4211" />
    <span id="t_668" from="4212" to="4216" />
    <span id="t_669" from="4217" to="4218" />
    <span id="t_670" from="4219" to="4224" />
    <span id="t_671" from="4225" to="4231" />
    <span id="t_672" from="4232" to="4236" />
    <span id="t_673" from="4237" to="4251" />
    <span id="t_674" from="4252" to="4253" />
    <span id="t_675" from="4254" to="4257" />
    <span id="t_676" from="4258" to="4260" />
    <span id="t_677" from="4261" to="4267" />
    <span id="t_678" from="4268" to="4278" />
    <span id="t_679" from="4279" to="4284" />
    <span id="t_680" from="4285" to="4299" />
    <span id="t_681" from="4300" to="4303" />
    <span id="t_682" from="4304" to="4305" />
    <span id="t_683" from="4306" to="4309" />
    <span id="t_684" from="4310" to="4316" />
    <span id="t_685" from="4317" to="4323" />
    <span id="t_686" from="4324" to="4330" />
    <span id="t_687" from="4331" to="4334" />
    <span id="t_688" from="4335" to="4338" />
    <span id="t_689" from="4339" to="4345" />
    <span id="t_690" from="4346" to="4349" />
    <span id="t_691" from="4350" to="4360" />
    <span id="t_692" from="4361" to="4370" />
    <span id="t_693" from="4371" to="4377" />
    <span id="t_694" from="4378" to="4379" />
    <span id="t_695" from="4380" to="4384" />
    <span id="t_696" from="4385" to="4386" />
    <span id="t_697" from="4387" to="4390" />
    <span id="t_698" from="4391" to="4397" />
    <span id="t_699" from="4398" to="4402" />
    <span id="t_700" from="4403" to="4416" />
    <span id="t_701" from="4417" to="4425" />
    <span id="t_702" from="4426" to="4427" />
    <span id="t_703" from="4428" to="4430" />
    <span id="t_704" from="4431" to="4435" />
    <span id="t_705" from="4436" to="4440" />
    <span id="t_706" from="4441" to="4448" />
    <span id="t_707" from="4449" to="4454" />
    <span id="t_708" from="4455" to="4463" />
    <span id="t_709" from="4464" to="4465" />
    <span id="t_710" from="4466" to="4470" />
    <span id="t_711" from="4471" to="4474" />
    <span id="t_712" from="4475" to="4478" />
    <span id="t_713" from="4479" to="4487" />
    <span id="t_714" from="4488" to="4498" />
    <span id="t_715" from="4499" to="4501" />
    <span id="t_716" from="4502" to="4506" />
    <span id="t_717" from="4507" to="4522" />
    <span id="t_718" from="4523" to="4540" />
    <span id="t_719" from="4541" to="4548" />
    <span id="t_720" from="4549" to="4550" />
    <span id="t_721" from="4551" to="4554" />
    <span id="t_722" from="4555" to="4562" />
    <span id="t_723" from="4563" to="4566" />
    <span id="t_724" from="4567" to="4572" />
    <span id="t_725" from="4573" to="4591" />
    <span id="t_726" from="4592" to="4599" />
    <span id="t_727" from="4600" to="4605" />
    <span id="t_728" from="4606" to="4610" />
    <span id="t_729" from="4611" to="4616" />
    <span id="t_730" from="4617" to="4618" />
    <span id="t_731" from="4619" to="4621" />
    <span id="t_732" from="4622" to="4625" />
    <span id="t_733" from="4626" to="4629" />
    <span id="t_734" from="4630" to="4637" />
    <span id="t_735" from="4638" to="4639" />
    <span id="t_736" from="4640" to="4643" />
    <span id="t_737" from="4644" to="4655" />
    <span id="t_738" from="4656" to="4661" />
    <span id="t_739" from="4662" to="4676" />
    <span id="t_740" from="4677" to="4679" />
    <span id="t_741" from="4680" to="4686" />
    <span id="t_742" from="4687" to="4688" />
    <span id="t_743" from="4689" to="4694" />
    <span id="t_744" from="4695" to="4698" />
    <span id="t_745" from="4699" to="4714" />
    <span id="t_746" from="4715" to="4719" />
    <span id="t_747" from="4720" to="4726" />
    <span id="t_748" from="4727" to="4734" />
    <span id="t_749" from="4735" to="4738" />
    <span id="t_750" from="4739" to="4742" />
    <span id="t_751" from="4743" to="4751" />
    <span id="t_752" from="4752" to="4755" />
    <span id="t_753" from="4756" to="4761" />
    <span id="t_754" from="4762" to="4776" />
    <span id="t_755" from="4777" to="4780" />
    <span id="t_756" from="4781" to="4784" />
    <span id="t_757" from="4785" to="4792" />
    <span id="t_758" from="4793" to="4795" />
    <span id="t_759" from="4796" to="4803" />
    <span id="t_760" from="4804" to="4812" />
    <span id="t_761" from="4813" to="4821" />
    <span id="t_762" from="4822" to="4828" />
    <span id="t_763" from="4829" to="4835" />
    <span id="t_764" from="4836" to="4837" />
    <span id="t_765" from="4838" to="4841" />
    <span id="t_766" from="4842" to="4855" />
    <span id="t_767" from="4856" to="4858" />
    <span id="t_768" from="4859" to="4865" />
    <span id="t_769" from="4866" to="4867" />
    <span id="t_770" from="4868" to="4873" />
    <span id="t_771" from="4874" to="4878" />
    <span id="t_772" from="4879" to="4886" />
    <span id="t_773" from="4887" to="4891" />
    <span id="t_774" from="4892" to="4893" />
    <span id="t_775" from="4894" to="4897" />
    <span id="t_776" from="4898" to="4900" />
    <span id="t_777" from="4901" to="4907" />
    <span id="t_778" from="4908" to="4911" />
    <span id="t_779" from="4912" to="4915" />
    <span id="t_780" from="4916" to="4925" />
    <span id="t_781" from="4926" to="4929" />
    <span id="t_782" from="4930" to="4931" />
    <span id="t_783" from="4932" to="4935" />
    <span id="t_784" from="4936" to="4939" />
    <span id="t_785" from="4940" to="4944" />
    <span id="t_786" from="4945" to="4946" />
    <span id="t_787" from="4947" to="4961" />
    <span id="t_788" from="4962" to="4966" />
    <span id="t_789" from="4967" to="4969" />
    <span id="t_790" from="4970" to="4977" />
    <span id="t_791" from="4978" to="4979" />
    <span id="t_792" from="4980" to="4982" />
    <span id="t_793" from="4983" to="4986" />
    <span id="t_794" from="4987" to="4989" />
    <span id="t_795" from="4990" to="4998" />
    <span id="t_796" from="4999" to="5001" />
    <span id="t_797" from="5002" to="5005" />
    <span id="t_798" from="5006" to="5015" />
    <span id="t_799" from="5016" to="5019" />
    <span id="t_800" from="5020" to="5021" />
    <span id="t_801" from="5022" to="5025" />
    <span id="t_802" from="5026" to="5042" />
    <span id="t_803" from="5043" to="5045" />
    <span id="t_804" from="5046" to="5052" />
    <span id="t_805" from="5053" to="5054" />
    <span id="t_806" from="5055" to="5060" />
    <span id="t_807" from="5061" to="5065" />
    <span id="t_808" from="5066" to="5080" />
    <span id="t_809" from="5081" to="5084" />
    <span id="t_810" from="5085" to="5093" />
    <span id="t_811" from="5094" to="5099" />
    <span id="t_812" from="5100" to="5103" />
    <span id="t_813" from="5104" to="5118" />
    <span id="t_814" from="5119" to="5129" />
    <span id="t_815" from="5130" to="5136" />
    <span id="t_816" from="5137" to="5140" />
    <span id="t_817" from="5141" to="5147" />
    <span id="t_818" from="5148" to="5150" />
    <span id="t_819" from="5151" to="5154" />
    <span id="t_820" from="5155" to="5161" />
    <span id="t_821" from="5162" to="5165" />
    <span id="t_822" from="5166" to="5184" />
    <span id="t_823" from="5185" to="5192" />
    <span id="t_824" from="5193" to="5196" />
    <span id="t_825" from="5197" to="5202" />
    <span id="t_826" from="5203" to="5209" />
    <span id="t_827" from="5210" to="5217" />
    <span id="t_828" from="5218" to="5219" />
    <span id="t_829" from="5220" to="5223" />
    <span id="t_830" from="5224" to="5229" />
    <span id="t_831" from="5230" to="5234" />
    <span id="t_832" from="5235" to="5242" />
    <span id="t_833" from="5243" to="5244" />
    <span id="t_834" from="5245" to="5249" />
    <span id="t_835" from="5250" to="5253" />
    <span id="t_836" from="5254" to="5269" />
    <span id="t_837" from="5270" to="5272" />
    <span id="t_838" from="5273" to="5278" />
    <span id="t_839" from="5279" to="5286" />
    <span id="t_840" from="5287" to="5293" />
    <span id="t_841" from="5294" to="5295" />
    <span id="t_842" from="5296" to="5300" />
    <span id="t_843" from="5301" to="5306" />
    <span id="t_844" from="5307" to="5326" />
    <span id="t_845" from="5327" to="5331" />
    <span id="t_846" from="5332" to="5335" />
    <span id="t_847" from="5336" to="5357" />
    <span id="t_848" from="5358" to="5361" />
    <span id="t_849" from="5362" to="5365" />
    <span id="t_850" from="5366" to="5370" />
    <span id="t_851" from="5371" to="5374" />
    <span id="t_852" from="5375" to="5385" />
    <span id="t_853" from="5386" to="5395" />
    <span id="t_854" from="5396" to="5399" />
    <span id="t_855" from="5400" to="5403" />
    <span id="t_856" from="5404" to="5413" />
    <span id="t_857" from="5414" to="5417" />
    <span id="t_858" from="5418" to="5426" />
    <span id="t_859" from="5427" to="5439" />
    <span id="t_860" from="5440" to="5451" />
    <span id="t_861" from="5452" to="5453" />
    <span id="t_862" from="5454" to="5457" />
    <span id="t_863" from="5458" to="5460" />
    <span id="t_864" from="5461" to="5465" />
    <span id="t_865" from="5466" to="5470" />
    <span id="t_866" from="5471" to="5478" />
    <span id="t_867" from="5479" to="5483" />
    <span id="t_868" from="5484" to="5487" />
    <span id="t_869" from="5488" to="5491" />
    <span id="t_870" from="5492" to="5500" />
    <span id="t_871" from="5501" to="5511" />
    <span id="t_872" from="5512" to="5513" />
    <span id="t_873" from="5514" to="5519" />
    <span id="t_874" from="5520" to="5524" />
    <span id="t_875" from="5525" to="5530" />
    <span id="t_876" from="5531" to="5534" />
    <span id="t_877" from="5535" to="5538" />
    <span id="t_878" from="5539" to="5555" />
    <span id="t_879" from="5556" to="5559" />
    <span id="t_880" from="5560" to="5565" />
    <span id="t_881" from="5566" to="5575" />
    <span id="t_882" from="5576" to="5579" />
    <span id="t_883" from="5580" to="5587" />
    <span id="t_884" from="5588" to="5589" />
    <span id="t_885" from="5590" to="5605" />
    <span id="t_886" from="5606" to="5609" />
    <span id="t_887" from="5610" to="5617" />
    <span id="t_888" from="5618" to="5621" />
    <span id="t_889" from="5622" to="5627" />
    <span id="t_890" from="5628" to="5634" />
    <span id="t_891" from="5635" to="5636" />
    <span id="t_892" from="5637" to="5643" />
    <span id="t_893" from="5644" to="5647" />
    <span id="t_894" from="5648" to="5654" />
    <span id="t_895" from="5655" to="5659" />
    <span id="t_896" from="5660" to="5668" />
    <span id="t_897" from="5669" to="5670" />
    <span id="t_898" from="5671" to="5679" />
    <span id="t_899" from="5680" to="5686" />
    <span id="t_900" from="5687" to="5691" />
    <span id="t_901" from="5692" to="5697" />
    <span id="t_902" from="5698" to="5710" />
    <span id="t_903" from="5711" to="5715" />
    <span id="t_904" from="5716" to="5717" />
    <span id="t_905" from="5718" to="5722" />
    <span id="t_906" from="5723" to="5729" />
    <span id="t_907" from="5730" to="5734" />
    <span id="t_908" from="5735" to="5738" />
    <span id="t_909" from="5739" to="5745" />
    <span id="t_910" from="5746" to="5755" />
    <span id="t_911" from="5756" to="5759" />
    <span id="t_912" from="5760" to="5763" />
    <span id="t_913" from="5764" to="5765" />
    <span id="t_914" from="5766" to="5774" />
    <span id="t_915" from="5775" to="5776" />
    <span id="t_916" from="5777" to="5780" />
    <span id="t_917" from="5781" to="5784" />
    <span id="t_918" from="5785" to="5793" />
    <span id="t_919" from="5794" to="5796" />
    <span id="t_920" from="5797" to="5802" />
    <span id="t_921" from="5803" to="5807" />
    <span id="t_922" from="5808" to="5809" />
    <span id="t_923" from="5810" to="5813" />
    <span id="t_924" from="5814" to="5821" />
    <span id="t_925" from="5822" to="5828" />
    <span id="t_926" from="5829" to="5832" />
    <span id="t_927" from="5833" to="5836" />
    <span id="t_928" from="5837" to="5839" />
    <span id="t_929" from="5840" to="5845" />
    <span id="t_930" from="5846" to="5847" />
    <span id="t_931" from="5848" to="5857" />
    <span id="t_932" from="5858" to="5861" />
    <span id="t_933" from="5862" to="5866" />
    <span id="t_934" from="5867" to="5880" />
    <span id="t_935" from="5881" to="5892" />
    <span id="t_936" from="5893" to="5898" />
    <span id="t_937" from="5899" to="5902" />
    <span id="t_938" from="5903" to="5911" />
    <span id="t_939" from="5912" to="5915" />
    <span id="t_940" from="5916" to="5922" />
    <span id="t_941" from="5923" to="5938" />
    <span id="t_942" from="5939" to="5942" />
    <span id="t_943" from="5943" to="5954" />
    <span id="t_944" from="5955" to="5958" />
    <span id="t_945" from="5959" to="5965" />
    <span id="t_946" from="5966" to="5976" />
    <span id="t_947" from="5977" to="5978" />
    <span id="t_948" from="5979" to="5983" />
    <span id="t_949" from="5984" to="5989" />
    <span id="t_950" from="5990" to="5995" />
    <span id="t_951" from="5996" to="6000" />
    <span id="t_952" from="6001" to="6009" />
    <span id="t_953" from="6010" to="6011" />
    <span id="t_954" from="6012" to="6015" />
    <span id="t_955" from="6016" to="6022" />
    <span id="t_956" from="6023" to="6031" />
    <span id="t_957" from="6032" to="6034" />
    <span id="t_958" from="6035" to="6041" />
    <span id="t_959" from="6042" to="6045" />
    <span id="t_960" from="6046" to="6048" />
    <span id="t_961" from="6049" to="6060" />
    <span id="t_962" from="6061" to="6065" />
    <span id="t_963" from="6066" to="6069" />
    <span id="t_964" from="6070" to="6074" />
    <span id="t_965" from="6075" to="6080" />
    <span id="t_966" from="6081" to="6087" />
    <span id="t_967" from="6088" to="6101" />
    <span id="t_968" from="6102" to="6109" />
    <span id="t_969" from="6110" to="6115" />
    <span id="t_970" from="6116" to="6117" />
    <span id="t_971" from="6118" to="6121" />
    <span id="t_972" from="6122" to="6124" />
    <span id="t_973" from="6125" to="6128" />
    <span id="t_974" from="6129" to="6139" />
    <span id="t_975" from="6140" to="6147" />
    <span id="t_976" from="6148" to="6158" />
    <span id="t_977" from="6159" to="6164" />
    <span id="t_978" from="6165" to="6176" />
    <span id="t_979" from="6177" to="6185" />
    <span id="t_980" from="6186" to="6191" />
    <span id="t_981" from="6192" to="6193" />
    <span id="t_982" from="6194" to="6197" />
    <span id="t_983" from="6198" to="6201" />
    <span id="t_984" from="6202" to="6208" />
    <span id="t_985" from="6209" to="6214" />
    <span id="t_986" from="6215" to="6216" />
    <span id="t_987" from="6217" to="6221" />
    <span id="t_988" from="6222" to="6226" />
    <span id="t_989" from="6227" to="6230" />
    <span id="t_990" from="6231" to="6237" />
    <span id="t_991" from="6238" to="6245" />
    <span id="t_992" from="6246" to="6256" />
    <span id="t_993" from="6257" to="6263" />
    <span id="t_994" from="6264" to="6269" />
    <span id="t_995" from="6270" to="6273" />
    <span id="t_996" from="6274" to="6277" />
    <span id="t_997" from="6278" to="6284" />
    <span id="t_998" from="6285" to="6297" />
    <span id="t_999" from="6298" to="6299" />
    <span id="t_1000" from="6300" to="6310" />
    <span id="t_1001" from="6311" to="6314" />
    <span id="t_1002" from="6315" to="6318" />
    <span id="t_1003" from="6319" to="6323" />
    <span id="t_1004" from="6324" to="6326" />
    <span id="t_1005" from="6327" to="6330" />
    <span id="t_1006" from="6331" to="6341" />
    <span id="t_1007" from="6342" to="6345" />
    <span id="t_1008" from="6346" to="6349" />
    <span id="t_1009" from="6350" to="6356" />
    <span id="t_1010" from="6357" to="6365" />
    <span id="t_1011" from="6366" to="6368" />
    <span id="t_1012" from="6369" to="6375" />
    <span id="t_1013" from="6376" to="6381" />
    <span id="t_1014" from="6382" to="6389" />
    <span id="t_1015" from="6390" to="6393" />
    <span id="t_1016" from="6394" to="6406" />
    <span id="t_1017" from="6407" to="6408" />
    <span id="t_1018" from="6409" to="6413" />
    <span id="t_1019" from="6414" to="6417" />
    <span id="t_1020" from="6418" to="6421" />
    <span id="t_1021" from="6422" to="6423" />
    <span id="t_1022" from="6424" to="6429" />
    <span id="t_1023" from="6430" to="6435" />
    <span id="t_1024" from="6436" to="6437" />
    <span id="t_1025" from="6438" to="6442" />
    <span id="t_1026" from="6443" to="6444" />
    <span id="t_1027" from="6445" to="6450" />
    <span id="t_1028" from="6451" to="6462" />
    <span id="t_1029" from="6463" to="6464" />
    <span id="t_1030" from="6465" to="6471" />
    <span id="t_1031" from="6472" to="6478" />
    <span id="t_1032" from="6479" to="6480" />
    <span id="t_1033" from="6481" to="6483" />
    <span id="t_1034" from="6484" to="6487" />
    <span id="t_1035" from="6488" to="6497" />
    <span id="t_1036" from="6498" to="6501" />
    <span id="t_1037" from="6502" to="6505" />
    <span id="t_1038" from="6506" to="6517" />
    <span id="t_1039" from="6518" to="6526" />
    <span id="t_1040" from="6527" to="6533" />
    <span id="t_1041" from="6534" to="6542" />
    <span id="t_1042" from="6543" to="6545" />
    <span id="t_1043" from="6546" to="6552" />
    <span id="t_1044" from="6553" to="6556" />
    <span id="t_1045" from="6557" to="6563" />
    <span id="t_1046" from="6564" to="6566" />
    <span id="t_1047" from="6567" to="6574" />
    <span id="t_1048" from="6575" to="6576" />
    <span id="t_1049" from="6577" to="6582" />
    <span id="t_1050" from="6583" to="6586" />
    <span id="t_1051" from="6587" to="6590" />
    <span id="t_1052" from="6591" to="6599" />
    <span id="t_1053" from="6600" to="6601" />
    <span id="t_1054" from="6602" to="6606" />
    <span id="t_1055" from="6607" to="6610" />
    <span id="t_1056" from="6611" to="6622" />
    <span id="t_1057" from="6623" to="6626" />
    <span id="t_1058" from="6627" to="6635" />
    <span id="t_1059" from="6636" to="6641" />
    <span id="t_1060" from="6642" to="6666" />
    <span id="t_1061" from="6667" to="6679" />
    <span id="t_1062" from="6680" to="6687" />
    <span id="t_1063" from="6688" to="6692" />
    <span id="t_1064" from="6693" to="6694" />
    <span id="t_1065" from="6695" to="6698" />
    <span id="t_1066" from="6699" to="6702" />
    <span id="t_1067" from="6703" to="6711" />
    <span id="t_1068" from="6712" to="6718" />
    <span id="t_1069" from="6719" to="6720" />
    <span id="t_1070" from="6721" to="6727" />
    <span id="t_1071" from="6728" to="6740" />
    <span id="t_1072" from="6741" to="6744" />
    <span id="t_1073" from="6745" to="6748" />
    <span id="t_1074" from="6749" to="6761" />
    <span id="t_1075" from="6762" to="6780" />
    <span id="t_1076" from="6781" to="6786" />
    <span id="t_1077" from="6787" to="6798" />
    <span id="t_1078" from="6799" to="6804" />
    <span id="t_1079" from="6805" to="6806" />
    <span id="t_1080" from="6807" to="6810" />
    <span id="t_1081" from="6811" to="6817" />
    <span id="t_1082" from="6818" to="6822" />
    <span id="t_1083" from="6823" to="6826" />
    <span id="t_1084" from="6827" to="6830" />
    <span id="t_1085" from="6831" to="6836" />
    <span id="t_1086" from="6837" to="6845" />
    <span id="t_1087" from="6846" to="6847" />
    <span id="t_1088" from="6848" to="6852" />
    <span id="t_1089" from="6853" to="6856" />
    <span id="t_1090" from="6857" to="6860" />
    <span id="t_1091" from="6861" to="6866" />
    <span id="t_1092" from="6867" to="6872" />
    <span id="t_1093" from="6873" to="6880" />
    <span id="t_1094" from="6881" to="6888" />
    <span id="t_1095" from="6889" to="6893" />
    <span id="t_1096" from="6894" to="6895" />
    <span id="t_1097" from="6896" to="6901" />
    <span id="t_1098" from="6902" to="6908" />
    <span id="t_1099" from="6909" to="6912" />
    <span id="t_1100" from="6913" to="6917" />
    <span id="t_1101" from="6918" to="6927" />
    <span id="t_1102" from="6928" to="6931" />
    <span id="t_1103" from="6932" to="6938" />
    <span id="t_1104" from="6939" to="6954" />
    <span id="t_1105" from="6955" to="6958" />
    <span id="t_1106" from="6959" to="6965" />
    <span id="t_1107" from="6966" to="6972" />
    <span id="t_1108" from="6973" to="6974" />
    <span id="t_1109" from="6975" to="6980" />
    <span id="t_1110" from="6981" to="6995" />
    <span id="t_1111" from="6996" to="6999" />
    <span id="t_1112" from="7000" to="7005" />
    <span id="t_1113" from="7006" to="7014" />
    <span id="t_1114" from="7015" to="7023" />
    <span id="t_1115" from="7024" to="7025" />
    <span id="t_1116" from="7026" to="7031" />
    <span id="t_1117" from="7032" to="7035" />
    <span id="t_1118" from="7036" to="7044" />
    <span id="t_1119" from="7045" to="7050" />
    <span id="t_1120" from="7051" to="7054" />
    <span id="t_1121" from="7055" to="7058" />
    <span id="t_1122" from="7059" to="7067" />
    <span id="t_1123" from="7068" to="7074" />
    <span id="t_1124" from="7075" to="7078" />
    <span id="t_1125" from="7079" to="7083" />
    <span id="t_1126" from="7084" to="7085" />
    <span id="t_1127" from="7086" to="7089" />
    <span id="t_1128" from="7090" to="7093" />
    <span id="t_1129" from="7094" to="7099" />
    <span id="t_1130" from="7100" to="7108" />
    <span id="t_1131" from="7109" to="7120" />
    <span id="t_1132" from="7121" to="7126" />
    <span id="t_1133" from="7127" to="7128" />
    <span id="t_1134" from="7129" to="7133" />
    <span id="t_1135" from="7134" to="7144" />
    <span id="t_1136" from="7145" to="7149" />
    <span id="t_1137" from="7150" to="7154" />
    <span id="t_1138" from="7155" to="7160" />
    <span id="t_1139" from="7161" to="7162" />
    <span id="t_1140" from="7163" to="7167" />
    <span id="t_1141" from="7168" to="7173" />
    <span id="t_1142" from="7174" to="7175" />
    <span id="t_1143" from="7176" to="7179" />
    <span id="t_1144" from="7180" to="7183" />
    <span id="t_1145" from="7184" to="7189" />
    <span id="t_1146" from="7190" to="7192" />
    <span id="t_1147" from="7193" to="7202" />
    <span id="t_1148" from="7203" to="7219" />
    <span id="t_1149" from="7220" to="7227" />
    <span id="t_1150" from="7228" to="7231" />
    <span id="t_1151" from="7232" to="7233" />
    <span id="t_1152" from="7234" to="7237" />
    <span id="t_1153" from="7238" to="7243" />
    <span id="t_1154" from="7244" to="7247" />
    <span id="t_1155" from="7248" to="7249" />
    <span id="t_1156" from="7250" to="7253" />
    <span id="t_1157" from="7254" to="7257" />
    <span id="t_1158" from="7258" to="7261" />
    <span id="t_1159" from="7262" to="7266" />
    <span id="t_1160" from="7267" to="7269" />
    <span id="t_1161" from="7270" to="7277" />
    <span id="t_1162" from="7278" to="7281" />
    <span id="t_1163" from="7282" to="7285" />
    <span id="t_1164" from="7286" to="7290" />
    <span id="t_1165" from="7291" to="7297" />
    <span id="t_1166" from="7298" to="7306" />
    <span id="t_1167" from="7307" to="7310" />
    <span id="t_1168" from="7311" to="7314" />
    <span id="t_1169" from="7315" to="7318" />
    <span id="t_1170" from="7319" to="7323" />
    <span id="t_1171" from="7324" to="7327" />
    <span id="t_1172" from="7328" to="7338" />
    <span id="t_1173" from="7339" to="7345" />
    <span id="t_1174" from="7346" to="7349" />
    <span id="t_1175" from="7350" to="7353" />
    <span id="t_1176" from="7354" to="7366" />
    <span id="t_1177" from="7367" to="7375" />
    <span id="t_1178" from="7376" to="7383" />
    <span id="t_1179" from="7384" to="7391" />
    <span id="t_1180" from="7392" to="7394" />
    <span id="t_1181" from="7395" to="7400" />
    <span id="t_1182" from="7401" to="7419" />
    <span id="t_1183" from="7420" to="7426" />
    <span id="t_1184" from="7427" to="7428" />

  </spanList>
</layer>