<?xml version="1.0" encoding="UTF-8"?>
<?xml-model href="header.rng" type="application/xml" schematypens="http://relaxng.org/ns/structure/1.0"?>
<!DOCTYPE idsCorpus PUBLIC "-//IDS//DTD IDS-XCES 1.0//EN" "http://corpora.ids-mannheim.de/idsxces1/DTD/ids.xcesdoc.dtd">
<idsHeader pattern="text" status="new" type="text" TEIform="teiHeader" version="1.0">
    <fileDesc>
     <titleStmt>
      <textSigle>TLX/CE2001.000000</textSigle>
      <t.title assemblage="external">Rede bei der Zentralausschusssitzung des Ökumenischen Rates der Kirchen</t.title>
     </titleStmt>
     <editionStmt version="0"/>
     <publicationStmt>
      <distributor/>
      <pubAddress/>
      <availability region="ids" status="unknown" Default="n"></availability>
      <pubDate/>
     </publicationStmt>
     <sourceDesc Default="n">
      <biblStruct Default="n" status="draft">
       <analytic>
        <h.title type="main">Rede bei der Zentralausschusssitzung des Ökumenischen Rates der Kirchen</h.title>
        <h.title type="sub"/>
        <h.title level="m" type="abbr"/>
        <h.title level="a" type="abbr"/>
        <h.author>p_0</h.author>
        <editor/>
        <imprint>
         <pubDate type="year">2001</pubDate>
         <pubDate type="day">31</pubDate>
         <pubDate type="month">01</pubDate>
         <pubDate type="time">00:00:00 +01:00</pubDate>
        </imprint>
        <biblScope/>
       </analytic>
       <monogr>
        <h.title type="main"/>
        <editor></editor>
        <edition>
         <further>Exported by CorpusExplorer v2.0</further>
         <kind/>
         <appearance/>
        </edition>
        <imprint/>
        <biblScope/>
       </monogr>
      </biblStruct>
      <reference type="complete" assemblage="non-automatic">TLX/CE2001.000000 Rede bei der Zentralausschusssitzung des Ökumenischen Rates der Kirchen, 31.01.2001 00:00:00 +01:00 Uhr</reference>
      <reference type="short" assemblage="non-automatic">TLX/CE2001.000000 Rede bei der Zentralausschusssitzung des Ökumenischen Rates der Kirchen, 31.01.2001</reference>
     </sourceDesc>
    </fileDesc>
    <encodingDesc>
     <samplingDecl Default="n"/>
     <editorialDecl Default="n">
      <pagination type="no"/>
     </editorialDecl>
    </encodingDesc>
    <profileDesc>
     <creation>
      <creatDate>2001.01.31</creatDate>
      <creatRef>(31.01.2001)</creatRef>
      <creatRefShort>(31.01.2001)</creatRefShort>
     </creation>
     <textDesc Default="n">
      <textTypeArt></textTypeArt>
      <textDomain/>
     </textDesc>
     <correspDesc Default="n">
      <correspContext>
       <ref type="prev" n="3"><gap reason="anonymisation" instant="false"/></ref>
       <ref type="prev" n="2"><gap reason="anonymisation" instant="false"/></ref>
       <ref type="prev" n="1"><gap reason="anonymisation" instant="false"/></ref>
      </correspContext>
     </correspDesc>
    </profileDesc>
    <xenoData>
        <meta name="Ort" type="text">Potsdam</meta>
        <meta name="Autor" type="text">Johannes Rau</meta>
        <meta name="Url" type="text">http://www.bundespraesident.de/SharedDocs/Reden/DE/Johannes-Rau/Reden/2001/01/20010130_Rede.html</meta>
        <meta name="GUID" type="text">2708d178-1fec-4931-a21f-4874c5e12c4b</meta>

    </xenoData>
   </idsHeader>