<?xml version="1.0" encoding="UTF-8"?>
<?xml-model href="span.rng" type="application/xml" schematypens="http://relaxng.org/ns/structure/1.0"?>

<layer docid="TLX_CE1998.000000" xmlns="http://ids-mannheim.de/ns/KorAP" version="KorAP-0.4">
  <spanList>
    <span id="t_0" from="0" to="13" />
    <span id="t_1" from="14" to="18" />
    <span id="t_2" from="19" to="23" />
    <span id="t_3" from="24" to="27" />
    <span id="t_4" from="28" to="32" />
    <span id="t_5" from="33" to="39" />
    <span id="t_6" from="40" to="43" />
    <span id="t_7" from="44" to="52" />
    <span id="t_8" from="53" to="56" />
    <span id="t_9" from="57" to="62" />
    <span id="t_10" from="63" to="69" />
    <span id="t_11" from="70" to="71" />
    <span id="t_12" from="72" to="75" />
    <span id="t_13" from="76" to="80" />
    <span id="t_14" from="81" to="85" />
    <span id="t_15" from="86" to="98" />
    <span id="t_16" from="99" to="102" />
    <span id="t_17" from="103" to="112" />
    <span id="t_18" from="113" to="116" />
    <span id="t_19" from="117" to="126" />
    <span id="t_20" from="127" to="128" />
    <span id="t_21" from="129" to="132" />
    <span id="t_22" from="133" to="136" />
    <span id="t_23" from="137" to="143" />
    <span id="t_24" from="144" to="148" />
    <span id="t_25" from="149" to="152" />
    <span id="t_26" from="153" to="160" />
    <span id="t_27" from="161" to="162" />
    <span id="t_28" from="163" to="167" />
    <span id="t_29" from="168" to="172" />
    <span id="t_30" from="173" to="176" />
    <span id="t_31" from="177" to="180" />
    <span id="t_32" from="181" to="187" />
    <span id="t_33" from="188" to="191" />
    <span id="t_34" from="192" to="199" />
    <span id="t_35" from="200" to="201" />
    <span id="t_36" from="202" to="205" />
    <span id="t_37" from="206" to="211" />
    <span id="t_38" from="212" to="216" />
    <span id="t_39" from="217" to="218" />
    <span id="t_40" from="219" to="222" />
    <span id="t_41" from="223" to="226" />
    <span id="t_42" from="227" to="235" />
    <span id="t_43" from="236" to="237" />
    <span id="t_44" from="238" to="241" />
    <span id="t_45" from="242" to="246" />
    <span id="t_46" from="247" to="251" />
    <span id="t_47" from="252" to="254" />
    <span id="t_48" from="255" to="261" />
    <span id="t_49" from="262" to="265" />
    <span id="t_50" from="266" to="271" />
    <span id="t_51" from="272" to="285" />
    <span id="t_52" from="286" to="293" />
    <span id="t_53" from="294" to="295" />
    <span id="t_54" from="296" to="299" />
    <span id="t_55" from="300" to="303" />
    <span id="t_56" from="304" to="307" />
    <span id="t_57" from="308" to="311" />
    <span id="t_58" from="312" to="317" />
    <span id="t_59" from="318" to="324" />
    <span id="t_60" from="325" to="329" />
    <span id="t_61" from="330" to="331" />
    <span id="t_62" from="332" to="335" />
    <span id="t_63" from="336" to="339" />
    <span id="t_64" from="340" to="345" />
    <span id="t_65" from="346" to="350" />
    <span id="t_66" from="351" to="352" />
    <span id="t_67" from="353" to="356" />
    <span id="t_68" from="357" to="360" />
    <span id="t_69" from="361" to="366" />
    <span id="t_70" from="367" to="376" />
    <span id="t_71" from="377" to="381" />
    <span id="t_72" from="382" to="388" />
    <span id="t_73" from="389" to="390" />
    <span id="t_74" from="391" to="395" />
    <span id="t_75" from="396" to="399" />
    <span id="t_76" from="400" to="407" />
    <span id="t_77" from="408" to="420" />
    <span id="t_78" from="421" to="422" />
    <span id="t_79" from="423" to="426" />
    <span id="t_80" from="427" to="438" />
    <span id="t_81" from="439" to="442" />
    <span id="t_82" from="443" to="447" />
    <span id="t_83" from="448" to="452" />
    <span id="t_84" from="453" to="456" />
    <span id="t_85" from="457" to="462" />
    <span id="t_86" from="463" to="466" />
    <span id="t_87" from="467" to="473" />
    <span id="t_88" from="474" to="479" />
    <span id="t_89" from="480" to="482" />
    <span id="t_90" from="483" to="486" />
    <span id="t_91" from="487" to="504" />
    <span id="t_92" from="505" to="512" />
    <span id="t_93" from="513" to="514" />
    <span id="t_94" from="515" to="519" />
    <span id="t_95" from="520" to="525" />
    <span id="t_96" from="526" to="534" />
    <span id="t_97" from="535" to="538" />
    <span id="t_98" from="539" to="543" />
    <span id="t_99" from="544" to="546" />
    <span id="t_100" from="547" to="553" />
    <span id="t_101" from="554" to="557" />
    <span id="t_102" from="558" to="563" />
    <span id="t_103" from="564" to="575" />
    <span id="t_104" from="576" to="581" />
    <span id="t_105" from="582" to="590" />
    <span id="t_106" from="591" to="607" />
    <span id="t_107" from="608" to="611" />
    <span id="t_108" from="612" to="621" />
    <span id="t_109" from="622" to="629" />
    <span id="t_110" from="630" to="644" />
    <span id="t_111" from="645" to="646" />
    <span id="t_112" from="647" to="652" />
    <span id="t_113" from="653" to="658" />
    <span id="t_114" from="659" to="671" />
    <span id="t_115" from="672" to="675" />
    <span id="t_116" from="676" to="688" />
    <span id="t_117" from="689" to="692" />
    <span id="t_118" from="693" to="702" />
    <span id="t_119" from="703" to="708" />
    <span id="t_120" from="709" to="713" />
    <span id="t_121" from="714" to="718" />
    <span id="t_122" from="719" to="732" />
    <span id="t_123" from="733" to="746" />
    <span id="t_124" from="747" to="748" />
    <span id="t_125" from="749" to="752" />
    <span id="t_126" from="753" to="757" />
    <span id="t_127" from="758" to="761" />
    <span id="t_128" from="762" to="766" />
    <span id="t_129" from="767" to="770" />
    <span id="t_130" from="771" to="785" />
    <span id="t_131" from="786" to="789" />
    <span id="t_132" from="790" to="798" />
    <span id="t_133" from="799" to="802" />
    <span id="t_134" from="803" to="809" />
    <span id="t_135" from="810" to="820" />
    <span id="t_136" from="821" to="827" />
    <span id="t_137" from="828" to="829" />
    <span id="t_138" from="830" to="835" />
    <span id="t_139" from="836" to="843" />
    <span id="t_140" from="844" to="847" />
    <span id="t_141" from="848" to="849" />
    <span id="t_142" from="850" to="856" />
    <span id="t_143" from="857" to="862" />
    <span id="t_144" from="863" to="867" />
    <span id="t_145" from="868" to="874" />
    <span id="t_146" from="875" to="882" />
    <span id="t_147" from="883" to="887" />
    <span id="t_148" from="888" to="903" />
    <span id="t_149" from="904" to="905" />
    <span id="t_150" from="906" to="909" />
    <span id="t_151" from="910" to="912" />
    <span id="t_152" from="913" to="916" />
    <span id="t_153" from="917" to="928" />
    <span id="t_154" from="929" to="933" />
    <span id="t_155" from="934" to="938" />
    <span id="t_156" from="939" to="950" />
    <span id="t_157" from="951" to="957" />
    <span id="t_158" from="958" to="959" />
    <span id="t_159" from="960" to="964" />
    <span id="t_160" from="965" to="973" />
    <span id="t_161" from="974" to="980" />
    <span id="t_162" from="981" to="987" />
    <span id="t_163" from="988" to="989" />
    <span id="t_164" from="990" to="998" />
    <span id="t_165" from="999" to="1002" />
    <span id="t_166" from="1003" to="1006" />
    <span id="t_167" from="1007" to="1008" />
    <span id="t_168" from="1009" to="1014" />
    <span id="t_169" from="1015" to="1018" />
    <span id="t_170" from="1019" to="1028" />
    <span id="t_171" from="1029" to="1034" />
    <span id="t_172" from="1035" to="1038" />
    <span id="t_173" from="1039" to="1048" />
    <span id="t_174" from="1049" to="1055" />
    <span id="t_175" from="1056" to="1067" />
    <span id="t_176" from="1068" to="1071" />
    <span id="t_177" from="1072" to="1075" />
    <span id="t_178" from="1076" to="1082" />
    <span id="t_179" from="1083" to="1090" />
    <span id="t_180" from="1091" to="1106" />
    <span id="t_181" from="1107" to="1108" />
    <span id="t_182" from="1109" to="1114" />
    <span id="t_183" from="1115" to="1118" />
    <span id="t_184" from="1119" to="1120" />
    <span id="t_185" from="1121" to="1125" />
    <span id="t_186" from="1126" to="1128" />
    <span id="t_187" from="1129" to="1139" />
    <span id="t_188" from="1140" to="1143" />
    <span id="t_189" from="1144" to="1153" />
    <span id="t_190" from="1154" to="1163" />
    <span id="t_191" from="1164" to="1167" />
    <span id="t_192" from="1168" to="1169" />
    <span id="t_193" from="1170" to="1177" />
    <span id="t_194" from="1178" to="1182" />
    <span id="t_195" from="1183" to="1185" />
    <span id="t_196" from="1186" to="1189" />
    <span id="t_197" from="1190" to="1196" />
    <span id="t_198" from="1197" to="1200" />
    <span id="t_199" from="1201" to="1204" />
    <span id="t_200" from="1205" to="1211" />
    <span id="t_201" from="1212" to="1220" />
    <span id="t_202" from="1221" to="1225" />
    <span id="t_203" from="1226" to="1228" />
    <span id="t_204" from="1229" to="1235" />
    <span id="t_205" from="1236" to="1239" />
    <span id="t_206" from="1240" to="1246" />
    <span id="t_207" from="1247" to="1250" />
    <span id="t_208" from="1251" to="1259" />
    <span id="t_209" from="1260" to="1261" />
    <span id="t_210" from="1262" to="1265" />
    <span id="t_211" from="1266" to="1271" />
    <span id="t_212" from="1272" to="1275" />
    <span id="t_213" from="1276" to="1282" />
    <span id="t_214" from="1283" to="1284" />
    <span id="t_215" from="1285" to="1293" />
    <span id="t_216" from="1294" to="1297" />
    <span id="t_217" from="1298" to="1299" />
    <span id="t_218" from="1300" to="1302" />
    <span id="t_219" from="1303" to="1306" />
    <span id="t_220" from="1307" to="1311" />
    <span id="t_221" from="1312" to="1314" />
    <span id="t_222" from="1315" to="1321" />
    <span id="t_223" from="1322" to="1328" />
    <span id="t_224" from="1329" to="1332" />
    <span id="t_225" from="1333" to="1339" />
    <span id="t_226" from="1340" to="1343" />
    <span id="t_227" from="1344" to="1359" />
    <span id="t_228" from="1360" to="1363" />
    <span id="t_229" from="1364" to="1376" />
    <span id="t_230" from="1377" to="1379" />
    <span id="t_231" from="1380" to="1391" />
    <span id="t_232" from="1392" to="1403" />
    <span id="t_233" from="1404" to="1405" />
    <span id="t_234" from="1406" to="1410" />
    <span id="t_235" from="1411" to="1418" />
    <span id="t_236" from="1419" to="1422" />
    <span id="t_237" from="1423" to="1426" />
    <span id="t_238" from="1427" to="1433" />
    <span id="t_239" from="1434" to="1436" />
    <span id="t_240" from="1437" to="1446" />
    <span id="t_241" from="1447" to="1450" />
    <span id="t_242" from="1451" to="1454" />
    <span id="t_243" from="1455" to="1459" />
    <span id="t_244" from="1460" to="1467" />
    <span id="t_245" from="1468" to="1469" />
    <span id="t_246" from="1470" to="1473" />
    <span id="t_247" from="1474" to="1477" />
    <span id="t_248" from="1478" to="1483" />
    <span id="t_249" from="1484" to="1487" />
    <span id="t_250" from="1488" to="1497" />
    <span id="t_251" from="1498" to="1499" />
    <span id="t_252" from="1500" to="1503" />
    <span id="t_253" from="1504" to="1514" />
    <span id="t_254" from="1515" to="1518" />
    <span id="t_255" from="1519" to="1527" />
    <span id="t_256" from="1528" to="1531" />
    <span id="t_257" from="1532" to="1545" />
    <span id="t_258" from="1546" to="1549" />
    <span id="t_259" from="1550" to="1553" />
    <span id="t_260" from="1554" to="1562" />
    <span id="t_261" from="1563" to="1569" />
    <span id="t_262" from="1570" to="1577" />
    <span id="t_263" from="1578" to="1580" />
    <span id="t_264" from="1581" to="1588" />
    <span id="t_265" from="1589" to="1597" />
    <span id="t_266" from="1598" to="1599" />
    <span id="t_267" from="1600" to="1602" />
    <span id="t_268" from="1603" to="1606" />
    <span id="t_269" from="1607" to="1612" />
    <span id="t_270" from="1613" to="1619" />
    <span id="t_271" from="1620" to="1629" />
    <span id="t_272" from="1630" to="1633" />
    <span id="t_273" from="1634" to="1638" />
    <span id="t_274" from="1639" to="1642" />
    <span id="t_275" from="1643" to="1654" />
    <span id="t_276" from="1655" to="1659" />
    <span id="t_277" from="1660" to="1664" />
    <span id="t_278" from="1665" to="1670" />
    <span id="t_279" from="1671" to="1677" />
    <span id="t_280" from="1678" to="1679" />
    <span id="t_281" from="1680" to="1693" />
    <span id="t_282" from="1694" to="1700" />
    <span id="t_283" from="1701" to="1707" />
    <span id="t_284" from="1708" to="1713" />
    <span id="t_285" from="1714" to="1717" />
    <span id="t_286" from="1718" to="1721" />
    <span id="t_287" from="1722" to="1726" />
    <span id="t_288" from="1727" to="1740" />
    <span id="t_289" from="1741" to="1754" />
    <span id="t_290" from="1755" to="1756" />
    <span id="t_291" from="1757" to="1761" />
    <span id="t_292" from="1762" to="1769" />
    <span id="t_293" from="1770" to="1773" />
    <span id="t_294" from="1774" to="1777" />
    <span id="t_295" from="1778" to="1790" />
    <span id="t_296" from="1791" to="1794" />
    <span id="t_297" from="1795" to="1801" />
    <span id="t_298" from="1802" to="1805" />
    <span id="t_299" from="1806" to="1809" />
    <span id="t_300" from="1810" to="1817" />
    <span id="t_301" from="1818" to="1821" />
    <span id="t_302" from="1822" to="1827" />
    <span id="t_303" from="1828" to="1831" />
    <span id="t_304" from="1832" to="1837" />
    <span id="t_305" from="1838" to="1842" />
    <span id="t_306" from="1843" to="1848" />
    <span id="t_307" from="1849" to="1850" />
    <span id="t_308" from="1851" to="1853" />
    <span id="t_309" from="1854" to="1863" />
    <span id="t_310" from="1864" to="1867" />
    <span id="t_311" from="1868" to="1873" />
    <span id="t_312" from="1874" to="1881" />
    <span id="t_313" from="1882" to="1888" />
    <span id="t_314" from="1889" to="1897" />
    <span id="t_315" from="1898" to="1899" />
    <span id="t_316" from="1900" to="1903" />
    <span id="t_317" from="1904" to="1905" />
    <span id="t_318" from="1906" to="1909" />
    <span id="t_319" from="1910" to="1915" />
    <span id="t_320" from="1916" to="1926" />
    <span id="t_321" from="1927" to="1928" />
    <span id="t_322" from="1929" to="1935" />
    <span id="t_323" from="1936" to="1938" />
    <span id="t_324" from="1939" to="1942" />
    <span id="t_325" from="1943" to="1951" />
    <span id="t_326" from="1952" to="1955" />
    <span id="t_327" from="1956" to="1958" />
    <span id="t_328" from="1959" to="1960" />
    <span id="t_329" from="1961" to="1973" />
    <span id="t_330" from="1974" to="1984" />
    <span id="t_331" from="1985" to="2000" />
    <span id="t_332" from="2001" to="2010" />
    <span id="t_333" from="2011" to="2012" />
    <span id="t_334" from="2013" to="2014" />
    <span id="t_335" from="2015" to="2025" />
    <span id="t_336" from="2026" to="2029" />
    <span id="t_337" from="2030" to="2039" />
    <span id="t_338" from="2040" to="2046" />
    <span id="t_339" from="2047" to="2057" />
    <span id="t_340" from="2058" to="2064" />
    <span id="t_341" from="2065" to="2066" />
    <span id="t_342" from="2067" to="2072" />
    <span id="t_343" from="2073" to="2076" />
    <span id="t_344" from="2077" to="2083" />
    <span id="t_345" from="2084" to="2092" />
    <span id="t_346" from="2093" to="2103" />
    <span id="t_347" from="2104" to="2105" />
    <span id="t_348" from="2106" to="2111" />
    <span id="t_349" from="2112" to="2122" />
    <span id="t_350" from="2123" to="2131" />
    <span id="t_351" from="2132" to="2133" />
    <span id="t_352" from="2134" to="2138" />
    <span id="t_353" from="2139" to="2147" />
    <span id="t_354" from="2148" to="2155" />
    <span id="t_355" from="2156" to="2162" />
    <span id="t_356" from="2163" to="2167" />
    <span id="t_357" from="2168" to="2169" />
    <span id="t_358" from="2170" to="2171" />
    <span id="t_359" from="2172" to="2175" />
    <span id="t_360" from="2176" to="2181" />
    <span id="t_361" from="2182" to="2187" />
    <span id="t_362" from="2188" to="2193" />
    <span id="t_363" from="2194" to="2197" />
    <span id="t_364" from="2198" to="2214" />
    <span id="t_365" from="2215" to="2218" />
    <span id="t_366" from="2219" to="2227" />
    <span id="t_367" from="2228" to="2234" />
    <span id="t_368" from="2235" to="2236" />
    <span id="t_369" from="2237" to="2242" />
    <span id="t_370" from="2243" to="2246" />
    <span id="t_371" from="2247" to="2255" />
    <span id="t_372" from="2256" to="2258" />
    <span id="t_373" from="2259" to="2266" />
    <span id="t_374" from="2267" to="2276" />
    <span id="t_375" from="2277" to="2282" />
    <span id="t_376" from="2283" to="2286" />
    <span id="t_377" from="2287" to="2293" />
    <span id="t_378" from="2294" to="2297" />
    <span id="t_379" from="2298" to="2309" />
    <span id="t_380" from="2310" to="2321" />
    <span id="t_381" from="2322" to="2328" />
    <span id="t_382" from="2329" to="2335" />
    <span id="t_383" from="2336" to="2337" />
    <span id="t_384" from="2338" to="2339" />
    <span id="t_385" from="2340" to="2343" />
    <span id="t_386" from="2344" to="2346" />
    <span id="t_387" from="2347" to="2351" />
    <span id="t_388" from="2352" to="2361" />
    <span id="t_389" from="2362" to="2368" />
    <span id="t_390" from="2369" to="2372" />
    <span id="t_391" from="2373" to="2387" />
    <span id="t_392" from="2388" to="2394" />
    <span id="t_393" from="2395" to="2396" />
    <span id="t_394" from="2397" to="2402" />
    <span id="t_395" from="2403" to="2406" />
    <span id="t_396" from="2407" to="2408" />
    <span id="t_397" from="2409" to="2412" />
    <span id="t_398" from="2413" to="2418" />
    <span id="t_399" from="2419" to="2429" />
    <span id="t_400" from="2430" to="2431" />
    <span id="t_401" from="2432" to="2436" />
    <span id="t_402" from="2437" to="2444" />
    <span id="t_403" from="2445" to="2450" />
    <span id="t_404" from="2451" to="2452" />
    <span id="t_405" from="2453" to="2456" />
    <span id="t_406" from="2457" to="2460" />
    <span id="t_407" from="2461" to="2469" />
    <span id="t_408" from="2470" to="2472" />
    <span id="t_409" from="2473" to="2483" />
    <span id="t_410" from="2484" to="2487" />
    <span id="t_411" from="2488" to="2499" />
    <span id="t_412" from="2500" to="2503" />
    <span id="t_413" from="2504" to="2513" />
    <span id="t_414" from="2514" to="2518" />
    <span id="t_415" from="2519" to="2527" />
    <span id="t_416" from="2528" to="2541" />
    <span id="t_417" from="2542" to="2545" />
    <span id="t_418" from="2546" to="2552" />
    <span id="t_419" from="2553" to="2559" />
    <span id="t_420" from="2560" to="2568" />
    <span id="t_421" from="2569" to="2576" />
    <span id="t_422" from="2577" to="2584" />
    <span id="t_423" from="2585" to="2586" />
    <span id="t_424" from="2587" to="2590" />
    <span id="t_425" from="2591" to="2595" />
    <span id="t_426" from="2596" to="2599" />
    <span id="t_427" from="2600" to="2603" />
    <span id="t_428" from="2604" to="2614" />
    <span id="t_429" from="2615" to="2618" />
    <span id="t_430" from="2619" to="2635" />
    <span id="t_431" from="2636" to="2637" />
    <span id="t_432" from="2638" to="2641" />
    <span id="t_433" from="2642" to="2647" />
    <span id="t_434" from="2648" to="2653" />
    <span id="t_435" from="2654" to="2661" />
    <span id="t_436" from="2662" to="2668" />
    <span id="t_437" from="2669" to="2672" />
    <span id="t_438" from="2673" to="2674" />
    <span id="t_439" from="2675" to="2678" />
    <span id="t_440" from="2679" to="2683" />
    <span id="t_441" from="2684" to="2688" />
    <span id="t_442" from="2689" to="2697" />
    <span id="t_443" from="2698" to="2699" />
    <span id="t_444" from="2700" to="2703" />
    <span id="t_445" from="2704" to="2710" />
    <span id="t_446" from="2711" to="2714" />
    <span id="t_447" from="2715" to="2720" />
    <span id="t_448" from="2721" to="2722" />
    <span id="t_449" from="2723" to="2728" />
    <span id="t_450" from="2729" to="2732" />
    <span id="t_451" from="2733" to="2739" />
    <span id="t_452" from="2740" to="2747" />
    <span id="t_453" from="2748" to="2751" />
    <span id="t_454" from="2752" to="2755" />
    <span id="t_455" from="2756" to="2769" />
    <span id="t_456" from="2770" to="2779" />
    <span id="t_457" from="2780" to="2790" />
    <span id="t_458" from="2791" to="2795" />
    <span id="t_459" from="2796" to="2797" />
    <span id="t_460" from="2798" to="2802" />
    <span id="t_461" from="2803" to="2806" />
    <span id="t_462" from="2807" to="2811" />
    <span id="t_463" from="2812" to="2815" />
    <span id="t_464" from="2816" to="2820" />
    <span id="t_465" from="2821" to="2826" />
    <span id="t_466" from="2827" to="2830" />
    <span id="t_467" from="2831" to="2834" />
    <span id="t_468" from="2835" to="2840" />
    <span id="t_469" from="2841" to="2850" />
    <span id="t_470" from="2851" to="2852" />
    <span id="t_471" from="2853" to="2857" />
    <span id="t_472" from="2858" to="2861" />
    <span id="t_473" from="2862" to="2865" />
    <span id="t_474" from="2866" to="2873" />
    <span id="t_475" from="2874" to="2877" />
    <span id="t_476" from="2878" to="2885" />
    <span id="t_477" from="2886" to="2891" />
    <span id="t_478" from="2892" to="2898" />
    <span id="t_479" from="2899" to="2903" />
    <span id="t_480" from="2904" to="2905" />
    <span id="t_481" from="2906" to="2911" />
    <span id="t_482" from="2912" to="2915" />
    <span id="t_483" from="2916" to="2919" />
    <span id="t_484" from="2920" to="2926" />
    <span id="t_485" from="2927" to="2934" />
    <span id="t_486" from="2935" to="2940" />
    <span id="t_487" from="2941" to="2943" />
    <span id="t_488" from="2944" to="2947" />
    <span id="t_489" from="2948" to="2956" />
    <span id="t_490" from="2957" to="2960" />
    <span id="t_491" from="2961" to="2963" />
    <span id="t_492" from="2964" to="2965" />
    <span id="t_493" from="2966" to="2977" />
    <span id="t_494" from="2978" to="2988" />
    <span id="t_495" from="2989" to="3006" />
    <span id="t_496" from="3007" to="3016" />
    <span id="t_497" from="3017" to="3018" />
    <span id="t_498" from="3019" to="3023" />
    <span id="t_499" from="3024" to="3026" />
    <span id="t_500" from="3027" to="3034" />
    <span id="t_501" from="3035" to="3043" />
    <span id="t_502" from="3044" to="3047" />
    <span id="t_503" from="3048" to="3052" />
    <span id="t_504" from="3053" to="3059" />
    <span id="t_505" from="3060" to="3075" />
    <span id="t_506" from="3076" to="3086" />
    <span id="t_507" from="3087" to="3093" />
    <span id="t_508" from="3094" to="3095" />
    <span id="t_509" from="3096" to="3097" />
    <span id="t_510" from="3098" to="3100" />
    <span id="t_511" from="3101" to="3104" />
    <span id="t_512" from="3105" to="3107" />
    <span id="t_513" from="3108" to="3117" />
    <span id="t_514" from="3118" to="3121" />
    <span id="t_515" from="3122" to="3128" />
    <span id="t_516" from="3129" to="3132" />
    <span id="t_517" from="3133" to="3147" />
    <span id="t_518" from="3148" to="3152" />
    <span id="t_519" from="3153" to="3165" />
    <span id="t_520" from="3166" to="3170" />
    <span id="t_521" from="3171" to="3172" />
    <span id="t_522" from="3173" to="3176" />
    <span id="t_523" from="3177" to="3188" />
    <span id="t_524" from="3189" to="3192" />
    <span id="t_525" from="3193" to="3199" />
    <span id="t_526" from="3200" to="3206" />
    <span id="t_527" from="3207" to="3218" />
    <span id="t_528" from="3219" to="3226" />
    <span id="t_529" from="3227" to="3231" />
    <span id="t_530" from="3232" to="3237" />
    <span id="t_531" from="3238" to="3249" />
    <span id="t_532" from="3250" to="3260" />
    <span id="t_533" from="3261" to="3267" />
    <span id="t_534" from="3268" to="3269" />
    <span id="t_535" from="3270" to="3274" />
    <span id="t_536" from="3275" to="3278" />
    <span id="t_537" from="3279" to="3285" />
    <span id="t_538" from="3286" to="3296" />
    <span id="t_539" from="3297" to="3301" />
    <span id="t_540" from="3302" to="3305" />
    <span id="t_541" from="3306" to="3317" />
    <span id="t_542" from="3318" to="3326" />
    <span id="t_543" from="3327" to="3328" />
    <span id="t_544" from="3329" to="3330" />
    <span id="t_545" from="3331" to="3334" />
    <span id="t_546" from="3335" to="3340" />
    <span id="t_547" from="3341" to="3343" />
    <span id="t_548" from="3344" to="3354" />
    <span id="t_549" from="3355" to="3366" />
    <span id="t_550" from="3367" to="3374" />
    <span id="t_551" from="3375" to="3376" />
    <span id="t_552" from="3377" to="3380" />
    <span id="t_553" from="3381" to="3385" />
    <span id="t_554" from="3386" to="3388" />
    <span id="t_555" from="3389" to="3395" />
    <span id="t_556" from="3396" to="3406" />
    <span id="t_557" from="3407" to="3416" />
    <span id="t_558" from="3417" to="3426" />
    <span id="t_559" from="3427" to="3430" />
    <span id="t_560" from="3431" to="3436" />
    <span id="t_561" from="3437" to="3450" />
    <span id="t_562" from="3451" to="3457" />
    <span id="t_563" from="3458" to="3463" />
    <span id="t_564" from="3464" to="3468" />
    <span id="t_565" from="3469" to="3476" />
    <span id="t_566" from="3477" to="3481" />
    <span id="t_567" from="3482" to="3483" />
    <span id="t_568" from="3484" to="3485" />
    <span id="t_569" from="3486" to="3489" />
    <span id="t_570" from="3490" to="3491" />
    <span id="t_571" from="3492" to="3495" />
    <span id="t_572" from="3496" to="3504" />
    <span id="t_573" from="3505" to="3512" />
    <span id="t_574" from="3513" to="3515" />
    <span id="t_575" from="3516" to="3527" />
    <span id="t_576" from="3528" to="3535" />
    <span id="t_577" from="3536" to="3542" />
    <span id="t_578" from="3543" to="3544" />
    <span id="t_579" from="3545" to="3548" />
    <span id="t_580" from="3549" to="3551" />
    <span id="t_581" from="3552" to="3554" />
    <span id="t_582" from="3555" to="3561" />
    <span id="t_583" from="3562" to="3569" />
    <span id="t_584" from="3570" to="3580" />
    <span id="t_585" from="3581" to="3584" />
    <span id="t_586" from="3585" to="3597" />
    <span id="t_587" from="3598" to="3609" />
    <span id="t_588" from="3610" to="3612" />
    <span id="t_589" from="3613" to="3626" />
    <span id="t_590" from="3627" to="3630" />
    <span id="t_591" from="3631" to="3634" />
    <span id="t_592" from="3635" to="3639" />
    <span id="t_593" from="3640" to="3651" />
    <span id="t_594" from="3652" to="3656" />
    <span id="t_595" from="3657" to="3658" />
    <span id="t_596" from="3659" to="3666" />
    <span id="t_597" from="3667" to="3680" />
    <span id="t_598" from="3681" to="3684" />
    <span id="t_599" from="3685" to="3690" />
    <span id="t_600" from="3691" to="3694" />
    <span id="t_601" from="3695" to="3707" />
    <span id="t_602" from="3708" to="3714" />
    <span id="t_603" from="3715" to="3729" />
    <span id="t_604" from="3730" to="3732" />
    <span id="t_605" from="3733" to="3740" />
    <span id="t_606" from="3741" to="3742" />
    <span id="t_607" from="3743" to="3751" />
    <span id="t_608" from="3752" to="3755" />
    <span id="t_609" from="3756" to="3762" />
    <span id="t_610" from="3763" to="3767" />
    <span id="t_611" from="3768" to="3771" />
    <span id="t_612" from="3772" to="3782" />
    <span id="t_613" from="3783" to="3792" />
    <span id="t_614" from="3793" to="3794" />
    <span id="t_615" from="3795" to="3798" />
    <span id="t_616" from="3799" to="3801" />
    <span id="t_617" from="3802" to="3811" />
    <span id="t_618" from="3812" to="3829" />
    <span id="t_619" from="3830" to="3834" />
    <span id="t_620" from="3835" to="3836" />
    <span id="t_621" from="3837" to="3840" />
    <span id="t_622" from="3841" to="3846" />
    <span id="t_623" from="3847" to="3855" />
    <span id="t_624" from="3856" to="3857" />
    <span id="t_625" from="3858" to="3872" />
    <span id="t_626" from="3873" to="3876" />
    <span id="t_627" from="3877" to="3885" />
    <span id="t_628" from="3886" to="3888" />
    <span id="t_629" from="3889" to="3892" />
    <span id="t_630" from="3893" to="3898" />
    <span id="t_631" from="3899" to="3900" />
    <span id="t_632" from="3901" to="3904" />
    <span id="t_633" from="3905" to="3920" />
    <span id="t_634" from="3921" to="3935" />
    <span id="t_635" from="3936" to="3941" />
    <span id="t_636" from="3942" to="3943" />
    <span id="t_637" from="3944" to="3947" />
    <span id="t_638" from="3948" to="3954" />
    <span id="t_639" from="3955" to="3957" />
    <span id="t_640" from="3958" to="3962" />
    <span id="t_641" from="3963" to="3969" />
    <span id="t_642" from="3970" to="3974" />
    <span id="t_643" from="3975" to="3976" />
    <span id="t_644" from="3977" to="3980" />
    <span id="t_645" from="3981" to="3987" />
    <span id="t_646" from="3988" to="3994" />
    <span id="t_647" from="3995" to="3999" />
    <span id="t_648" from="4000" to="4001" />
    <span id="t_649" from="4002" to="4005" />
    <span id="t_650" from="4006" to="4011" />
    <span id="t_651" from="4012" to="4021" />
    <span id="t_652" from="4022" to="4025" />
    <span id="t_653" from="4026" to="4027" />
    <span id="t_654" from="4028" to="4031" />
    <span id="t_655" from="4032" to="4038" />
    <span id="t_656" from="4039" to="4046" />
    <span id="t_657" from="4047" to="4048" />
    <span id="t_658" from="4049" to="4055" />
    <span id="t_659" from="4056" to="4059" />
    <span id="t_660" from="4060" to="4066" />
    <span id="t_661" from="4067" to="4070" />
    <span id="t_662" from="4071" to="4075" />
    <span id="t_663" from="4076" to="4077" />
    <span id="t_664" from="4078" to="4090" />
    <span id="t_665" from="4091" to="4095" />
    <span id="t_666" from="4096" to="4099" />
    <span id="t_667" from="4100" to="4103" />
    <span id="t_668" from="4104" to="4109" />
    <span id="t_669" from="4110" to="4126" />
    <span id="t_670" from="4127" to="4131" />
    <span id="t_671" from="4132" to="4136" />
    <span id="t_672" from="4137" to="4141" />
    <span id="t_673" from="4142" to="4153" />
    <span id="t_674" from="4154" to="4155" />
    <span id="t_675" from="4156" to="4167" />
    <span id="t_676" from="4168" to="4170" />
    <span id="t_677" from="4171" to="4177" />
    <span id="t_678" from="4178" to="4179" />
    <span id="t_679" from="4180" to="4185" />
    <span id="t_680" from="4186" to="4192" />
    <span id="t_681" from="4193" to="4196" />
    <span id="t_682" from="4197" to="4203" />
    <span id="t_683" from="4204" to="4213" />
    <span id="t_684" from="4214" to="4217" />
    <span id="t_685" from="4218" to="4224" />
    <span id="t_686" from="4225" to="4231" />
    <span id="t_687" from="4232" to="4240" />
    <span id="t_688" from="4241" to="4252" />
    <span id="t_689" from="4253" to="4254" />
    <span id="t_690" from="4255" to="4260" />
    <span id="t_691" from="4261" to="4265" />
    <span id="t_692" from="4266" to="4269" />
    <span id="t_693" from="4270" to="4277" />
    <span id="t_694" from="4278" to="4282" />
    <span id="t_695" from="4283" to="4294" />
    <span id="t_696" from="4295" to="4298" />
    <span id="t_697" from="4299" to="4312" />
    <span id="t_698" from="4313" to="4319" />
    <span id="t_699" from="4320" to="4321" />
    <span id="t_700" from="4322" to="4326" />
    <span id="t_701" from="4327" to="4330" />
    <span id="t_702" from="4331" to="4334" />
    <span id="t_703" from="4335" to="4338" />
    <span id="t_704" from="4339" to="4344" />
    <span id="t_705" from="4345" to="4349" />
    <span id="t_706" from="4350" to="4362" />
    <span id="t_707" from="4363" to="4374" />
    <span id="t_708" from="4375" to="4378" />
    <span id="t_709" from="4379" to="4393" />
    <span id="t_710" from="4394" to="4397" />
    <span id="t_711" from="4398" to="4401" />
    <span id="t_712" from="4402" to="4413" />
    <span id="t_713" from="4414" to="4423" />
    <span id="t_714" from="4424" to="4427" />
    <span id="t_715" from="4428" to="4434" />
    <span id="t_716" from="4435" to="4440" />
    <span id="t_717" from="4441" to="4451" />
    <span id="t_718" from="4452" to="4455" />
    <span id="t_719" from="4456" to="4463" />
    <span id="t_720" from="4464" to="4467" />
    <span id="t_721" from="4468" to="4469" />
    <span id="t_722" from="4470" to="4473" />
    <span id="t_723" from="4474" to="4477" />
    <span id="t_724" from="4478" to="4479" />
    <span id="t_725" from="4480" to="4483" />
    <span id="t_726" from="4484" to="4488" />
    <span id="t_727" from="4489" to="4490" />
    <span id="t_728" from="4491" to="4492" />
    <span id="t_729" from="4493" to="4498" />
    <span id="t_730" from="4499" to="4505" />
    <span id="t_731" from="4506" to="4516" />
    <span id="t_732" from="4517" to="4522" />
    <span id="t_733" from="4523" to="4524" />
    <span id="t_734" from="4525" to="4528" />
    <span id="t_735" from="4529" to="4531" />
    <span id="t_736" from="4532" to="4538" />
    <span id="t_737" from="4539" to="4542" />
    <span id="t_738" from="4543" to="4550" />
    <span id="t_739" from="4551" to="4553" />
    <span id="t_740" from="4554" to="4559" />
    <span id="t_741" from="4560" to="4564" />
    <span id="t_742" from="4565" to="4569" />
    <span id="t_743" from="4570" to="4574" />
    <span id="t_744" from="4575" to="4582" />
    <span id="t_745" from="4583" to="4586" />
    <span id="t_746" from="4587" to="4594" />
    <span id="t_747" from="4595" to="4600" />
    <span id="t_748" from="4601" to="4602" />
    <span id="t_749" from="4603" to="4606" />
    <span id="t_750" from="4607" to="4610" />
    <span id="t_751" from="4611" to="4622" />
    <span id="t_752" from="4623" to="4628" />
    <span id="t_753" from="4629" to="4630" />
    <span id="t_754" from="4631" to="4644" />
    <span id="t_755" from="4645" to="4655" />
    <span id="t_756" from="4656" to="4662" />
    <span id="t_757" from="4663" to="4664" />
    <span id="t_758" from="4665" to="4671" />
    <span id="t_759" from="4672" to="4679" />
    <span id="t_760" from="4680" to="4683" />
    <span id="t_761" from="4684" to="4691" />
    <span id="t_762" from="4692" to="4698" />
    <span id="t_763" from="4699" to="4710" />
    <span id="t_764" from="4711" to="4723" />
    <span id="t_765" from="4724" to="4727" />
    <span id="t_766" from="4728" to="4735" />
    <span id="t_767" from="4736" to="4739" />
    <span id="t_768" from="4740" to="4751" />
    <span id="t_769" from="4752" to="4759" />
    <span id="t_770" from="4760" to="4761" />
    <span id="t_771" from="4762" to="4765" />
    <span id="t_772" from="4766" to="4776" />
    <span id="t_773" from="4777" to="4780" />
    <span id="t_774" from="4781" to="4784" />
    <span id="t_775" from="4785" to="4800" />
    <span id="t_776" from="4801" to="4802" />
    <span id="t_777" from="4803" to="4807" />
    <span id="t_778" from="4808" to="4814" />
    <span id="t_779" from="4815" to="4822" />
    <span id="t_780" from="4823" to="4825" />
    <span id="t_781" from="4826" to="4833" />
    <span id="t_782" from="4834" to="4837" />
    <span id="t_783" from="4838" to="4842" />
    <span id="t_784" from="4843" to="4847" />
    <span id="t_785" from="4848" to="4851" />
    <span id="t_786" from="4852" to="4858" />
    <span id="t_787" from="4859" to="4863" />
    <span id="t_788" from="4864" to="4867" />
    <span id="t_789" from="4868" to="4877" />
    <span id="t_790" from="4878" to="4886" />
    <span id="t_791" from="4887" to="4888" />
    <span id="t_792" from="4889" to="4892" />
    <span id="t_793" from="4893" to="4897" />
    <span id="t_794" from="4898" to="4904" />
    <span id="t_795" from="4905" to="4908" />
    <span id="t_796" from="4909" to="4913" />
    <span id="t_797" from="4914" to="4916" />
    <span id="t_798" from="4917" to="4920" />
    <span id="t_799" from="4921" to="4931" />
    <span id="t_800" from="4932" to="4938" />
    <span id="t_801" from="4939" to="4947" />
    <span id="t_802" from="4948" to="4949" />
    <span id="t_803" from="4950" to="4953" />
    <span id="t_804" from="4954" to="4963" />
    <span id="t_805" from="4964" to="4968" />
    <span id="t_806" from="4969" to="4972" />
    <span id="t_807" from="4973" to="4979" />
    <span id="t_808" from="4980" to="4983" />
    <span id="t_809" from="4984" to="4988" />
    <span id="t_810" from="4989" to="4993" />
    <span id="t_811" from="4994" to="4997" />
    <span id="t_812" from="4998" to="5007" />
    <span id="t_813" from="5008" to="5010" />
    <span id="t_814" from="5011" to="5014" />
    <span id="t_815" from="5015" to="5026" />
    <span id="t_816" from="5027" to="5034" />
    <span id="t_817" from="5035" to="5037" />
    <span id="t_818" from="5038" to="5047" />
    <span id="t_819" from="5048" to="5056" />
    <span id="t_820" from="5057" to="5058" />
    <span id="t_821" from="5059" to="5062" />
    <span id="t_822" from="5063" to="5066" />
    <span id="t_823" from="5067" to="5070" />
    <span id="t_824" from="5071" to="5080" />
    <span id="t_825" from="5081" to="5105" />
    <span id="t_826" from="5106" to="5110" />
    <span id="t_827" from="5111" to="5113" />
    <span id="t_828" from="5114" to="5119" />
    <span id="t_829" from="5120" to="5138" />
    <span id="t_830" from="5139" to="5143" />
    <span id="t_831" from="5144" to="5145" />
    <span id="t_832" from="5146" to="5149" />
    <span id="t_833" from="5150" to="5154" />
    <span id="t_834" from="5155" to="5164" />
    <span id="t_835" from="5165" to="5168" />
    <span id="t_836" from="5169" to="5182" />
    <span id="t_837" from="5183" to="5192" />
    <span id="t_838" from="5193" to="5206" />
    <span id="t_839" from="5207" to="5208" />
    <span id="t_840" from="5209" to="5221" />
    <span id="t_841" from="5222" to="5225" />
    <span id="t_842" from="5226" to="5233" />
    <span id="t_843" from="5234" to="5237" />
    <span id="t_844" from="5238" to="5242" />
    <span id="t_845" from="5243" to="5246" />
    <span id="t_846" from="5247" to="5256" />
    <span id="t_847" from="5257" to="5260" />
    <span id="t_848" from="5261" to="5267" />
    <span id="t_849" from="5268" to="5270" />
    <span id="t_850" from="5271" to="5280" />
    <span id="t_851" from="5281" to="5282" />
    <span id="t_852" from="5283" to="5286" />
    <span id="t_853" from="5287" to="5292" />
    <span id="t_854" from="5293" to="5296" />
    <span id="t_855" from="5297" to="5301" />
    <span id="t_856" from="5302" to="5307" />
    <span id="t_857" from="5308" to="5311" />
    <span id="t_858" from="5312" to="5318" />
    <span id="t_859" from="5319" to="5324" />
    <span id="t_860" from="5325" to="5341" />
    <span id="t_861" from="5342" to="5349" />
    <span id="t_862" from="5350" to="5351" />
    <span id="t_863" from="5352" to="5354" />
    <span id="t_864" from="5355" to="5358" />
    <span id="t_865" from="5359" to="5369" />
    <span id="t_866" from="5370" to="5375" />
    <span id="t_867" from="5376" to="5385" />
    <span id="t_868" from="5386" to="5389" />
    <span id="t_869" from="5390" to="5407" />
    <span id="t_870" from="5408" to="5414" />
    <span id="t_871" from="5415" to="5420" />
    <span id="t_872" from="5421" to="5424" />
    <span id="t_873" from="5425" to="5431" />
    <span id="t_874" from="5432" to="5444" />
    <span id="t_875" from="5445" to="5451" />
    <span id="t_876" from="5452" to="5453" />
    <span id="t_877" from="5454" to="5463" />
    <span id="t_878" from="5464" to="5467" />
    <span id="t_879" from="5468" to="5471" />
    <span id="t_880" from="5472" to="5476" />
    <span id="t_881" from="5477" to="5480" />
    <span id="t_882" from="5481" to="5487" />
    <span id="t_883" from="5488" to="5494" />
    <span id="t_884" from="5495" to="5503" />
    <span id="t_885" from="5504" to="5511" />
    <span id="t_886" from="5512" to="5513" />
    <span id="t_887" from="5514" to="5519" />
    <span id="t_888" from="5520" to="5529" />
    <span id="t_889" from="5530" to="5533" />
    <span id="t_890" from="5534" to="5537" />
    <span id="t_891" from="5538" to="5547" />
    <span id="t_892" from="5548" to="5551" />
    <span id="t_893" from="5552" to="5558" />
    <span id="t_894" from="5559" to="5567" />
    <span id="t_895" from="5568" to="5569" />
    <span id="t_896" from="5570" to="5574" />
    <span id="t_897" from="5575" to="5578" />
    <span id="t_898" from="5579" to="5591" />
    <span id="t_899" from="5592" to="5598" />
    <span id="t_900" from="5599" to="5609" />
    <span id="t_901" from="5610" to="5622" />
    <span id="t_902" from="5623" to="5627" />
    <span id="t_903" from="5628" to="5631" />
    <span id="t_904" from="5632" to="5639" />
    <span id="t_905" from="5640" to="5647" />
    <span id="t_906" from="5648" to="5649" />
    <span id="t_907" from="5650" to="5653" />
    <span id="t_908" from="5654" to="5661" />
    <span id="t_909" from="5662" to="5665" />
    <span id="t_910" from="5666" to="5681" />
    <span id="t_911" from="5682" to="5695" />
    <span id="t_912" from="5696" to="5701" />
    <span id="t_913" from="5702" to="5706" />
    <span id="t_914" from="5707" to="5714" />
    <span id="t_915" from="5715" to="5718" />
    <span id="t_916" from="5719" to="5731" />
    <span id="t_917" from="5732" to="5736" />
    <span id="t_918" from="5737" to="5742" />
    <span id="t_919" from="5743" to="5746" />
    <span id="t_920" from="5747" to="5750" />
    <span id="t_921" from="5751" to="5758" />
    <span id="t_922" from="5759" to="5771" />
    <span id="t_923" from="5772" to="5776" />
    <span id="t_924" from="5777" to="5782" />
    <span id="t_925" from="5783" to="5785" />
    <span id="t_926" from="5786" to="5794" />
    <span id="t_927" from="5795" to="5796" />
    <span id="t_928" from="5797" to="5803" />
    <span id="t_929" from="5804" to="5811" />
    <span id="t_930" from="5812" to="5817" />
    <span id="t_931" from="5818" to="5819" />
    <span id="t_932" from="5820" to="5823" />
    <span id="t_933" from="5824" to="5829" />
    <span id="t_934" from="5830" to="5839" />
    <span id="t_935" from="5840" to="5843" />
    <span id="t_936" from="5844" to="5853" />
    <span id="t_937" from="5854" to="5855" />
    <span id="t_938" from="5856" to="5859" />
    <span id="t_939" from="5860" to="5864" />
    <span id="t_940" from="5865" to="5867" />
    <span id="t_941" from="5868" to="5877" />
    <span id="t_942" from="5878" to="5881" />
    <span id="t_943" from="5882" to="5888" />
    <span id="t_944" from="5889" to="5894" />
    <span id="t_945" from="5895" to="5902" />
    <span id="t_946" from="5903" to="5906" />
    <span id="t_947" from="5907" to="5908" />
    <span id="t_948" from="5909" to="5913" />
    <span id="t_949" from="5914" to="5917" />
    <span id="t_950" from="5918" to="5924" />
    <span id="t_951" from="5925" to="5944" />
    <span id="t_952" from="5945" to="5952" />
    <span id="t_953" from="5953" to="5956" />
    <span id="t_954" from="5957" to="5960" />
    <span id="t_955" from="5961" to="5978" />
    <span id="t_956" from="5979" to="5982" />
    <span id="t_957" from="5983" to="5985" />
    <span id="t_958" from="5986" to="5987" />
    <span id="t_959" from="5988" to="6000" />
    <span id="t_960" from="6001" to="6004" />
    <span id="t_961" from="6005" to="6006" />
    <span id="t_962" from="6007" to="6010" />
    <span id="t_963" from="6011" to="6017" />
    <span id="t_964" from="6018" to="6021" />
    <span id="t_965" from="6022" to="6027" />
    <span id="t_966" from="6028" to="6033" />
    <span id="t_967" from="6034" to="6037" />
    <span id="t_968" from="6038" to="6042" />
    <span id="t_969" from="6043" to="6052" />
    <span id="t_970" from="6053" to="6061" />
    <span id="t_971" from="6062" to="6063" />
    <span id="t_972" from="6064" to="6067" />
    <span id="t_973" from="6068" to="6073" />
    <span id="t_974" from="6074" to="6082" />
    <span id="t_975" from="6083" to="6091" />
    <span id="t_976" from="6092" to="6095" />
    <span id="t_977" from="6096" to="6109" />
    <span id="t_978" from="6110" to="6111" />
    <span id="t_979" from="6112" to="6117" />
    <span id="t_980" from="6118" to="6125" />
    <span id="t_981" from="6126" to="6131" />
    <span id="t_982" from="6132" to="6133" />
    <span id="t_983" from="6134" to="6137" />
    <span id="t_984" from="6138" to="6141" />
    <span id="t_985" from="6142" to="6154" />
    <span id="t_986" from="6155" to="6158" />
    <span id="t_987" from="6159" to="6161" />
    <span id="t_988" from="6162" to="6163" />
    <span id="t_989" from="6164" to="6176" />
    <span id="t_990" from="6177" to="6185" />
    <span id="t_991" from="6186" to="6190" />
    <span id="t_992" from="6191" to="6210" />
    <span id="t_993" from="6211" to="6215" />
    <span id="t_994" from="6216" to="6220" />
    <span id="t_995" from="6221" to="6222" />
    <span id="t_996" from="6223" to="6225" />
    <span id="t_997" from="6226" to="6229" />
    <span id="t_998" from="6230" to="6233" />
    <span id="t_999" from="6234" to="6239" />
    <span id="t_1000" from="6240" to="6247" />
    <span id="t_1001" from="6248" to="6252" />
    <span id="t_1002" from="6253" to="6266" />
    <span id="t_1003" from="6267" to="6268" />
    <span id="t_1004" from="6269" to="6278" />
    <span id="t_1005" from="6279" to="6280" />
    <span id="t_1006" from="6281" to="6289" />
    <span id="t_1007" from="6290" to="6296" />
    <span id="t_1008" from="6297" to="6300" />
    <span id="t_1009" from="6301" to="6307" />
    <span id="t_1010" from="6308" to="6321" />
    <span id="t_1011" from="6322" to="6333" />
    <span id="t_1012" from="6334" to="6338" />
    <span id="t_1013" from="6339" to="6340" />
    <span id="t_1014" from="6341" to="6346" />
    <span id="t_1015" from="6347" to="6354" />
    <span id="t_1016" from="6355" to="6359" />
    <span id="t_1017" from="6360" to="6368" />
    <span id="t_1018" from="6369" to="6372" />
    <span id="t_1019" from="6373" to="6384" />
    <span id="t_1020" from="6385" to="6388" />
    <span id="t_1021" from="6389" to="6397" />
    <span id="t_1022" from="6398" to="6407" />
    <span id="t_1023" from="6408" to="6416" />
    <span id="t_1024" from="6417" to="6421" />
    <span id="t_1025" from="6422" to="6423" />
    <span id="t_1026" from="6424" to="6430" />
    <span id="t_1027" from="6431" to="6444" />
    <span id="t_1028" from="6445" to="6448" />
    <span id="t_1029" from="6449" to="6453" />
    <span id="t_1030" from="6454" to="6473" />
    <span id="t_1031" from="6474" to="6487" />
    <span id="t_1032" from="6488" to="6493" />
    <span id="t_1033" from="6494" to="6498" />
    <span id="t_1034" from="6499" to="6500" />
    <span id="t_1035" from="6501" to="6505" />
    <span id="t_1036" from="6506" to="6512" />
    <span id="t_1037" from="6513" to="6522" />
    <span id="t_1038" from="6523" to="6529" />
    <span id="t_1039" from="6530" to="6533" />
    <span id="t_1040" from="6534" to="6536" />
    <span id="t_1041" from="6537" to="6547" />
    <span id="t_1042" from="6548" to="6551" />
    <span id="t_1043" from="6552" to="6563" />
    <span id="t_1044" from="6564" to="6569" />
    <span id="t_1045" from="6570" to="6572" />
    <span id="t_1046" from="6573" to="6580" />
    <span id="t_1047" from="6581" to="6584" />
    <span id="t_1048" from="6585" to="6595" />
    <span id="t_1049" from="6596" to="6597" />
    <span id="t_1050" from="6598" to="6607" />
    <span id="t_1051" from="6608" to="6611" />
    <span id="t_1052" from="6612" to="6615" />
    <span id="t_1053" from="6616" to="6626" />
    <span id="t_1054" from="6627" to="6629" />
    <span id="t_1055" from="6630" to="6636" />
    <span id="t_1056" from="6637" to="6640" />
    <span id="t_1057" from="6641" to="6643" />
    <span id="t_1058" from="6644" to="6660" />
    <span id="t_1059" from="6661" to="6662" />
    <span id="t_1060" from="6663" to="6665" />
    <span id="t_1061" from="6666" to="6669" />
    <span id="t_1062" from="6670" to="6673" />
    <span id="t_1063" from="6674" to="6679" />
    <span id="t_1064" from="6680" to="6688" />
    <span id="t_1065" from="6689" to="6692" />
    <span id="t_1066" from="6693" to="6702" />
    <span id="t_1067" from="6703" to="6714" />
    <span id="t_1068" from="6715" to="6720" />
    <span id="t_1069" from="6721" to="6727" />
    <span id="t_1070" from="6728" to="6731" />
    <span id="t_1071" from="6732" to="6736" />
    <span id="t_1072" from="6737" to="6748" />
    <span id="t_1073" from="6749" to="6756" />
    <span id="t_1074" from="6757" to="6764" />
    <span id="t_1075" from="6765" to="6766" />
    <span id="t_1076" from="6767" to="6769" />
    <span id="t_1077" from="6770" to="6773" />
    <span id="t_1078" from="6774" to="6778" />
    <span id="t_1079" from="6779" to="6784" />
    <span id="t_1080" from="6785" to="6793" />
    <span id="t_1081" from="6794" to="6798" />
    <span id="t_1082" from="6799" to="6802" />
    <span id="t_1083" from="6803" to="6817" />
    <span id="t_1084" from="6818" to="6824" />
    <span id="t_1085" from="6825" to="6834" />
    <span id="t_1086" from="6835" to="6840" />
    <span id="t_1087" from="6841" to="6844" />
    <span id="t_1088" from="6845" to="6851" />
    <span id="t_1089" from="6852" to="6855" />
    <span id="t_1090" from="6856" to="6865" />
    <span id="t_1091" from="6866" to="6869" />
    <span id="t_1092" from="6870" to="6873" />
    <span id="t_1093" from="6874" to="6886" />
    <span id="t_1094" from="6887" to="6896" />
    <span id="t_1095" from="6897" to="6903" />
    <span id="t_1096" from="6904" to="6905" />
    <span id="t_1097" from="6906" to="6915" />
    <span id="t_1098" from="6916" to="6919" />
    <span id="t_1099" from="6920" to="6922" />
    <span id="t_1100" from="6923" to="6926" />
    <span id="t_1101" from="6927" to="6930" />
    <span id="t_1102" from="6931" to="6945" />
    <span id="t_1103" from="6946" to="6952" />
    <span id="t_1104" from="6953" to="6958" />
    <span id="t_1105" from="6959" to="6964" />
    <span id="t_1106" from="6965" to="6966" />
    <span id="t_1107" from="6967" to="6971" />
    <span id="t_1108" from="6972" to="6975" />
    <span id="t_1109" from="6976" to="6979" />
    <span id="t_1110" from="6980" to="6995" />
    <span id="t_1111" from="6996" to="7000" />
    <span id="t_1112" from="7001" to="7003" />
    <span id="t_1113" from="7004" to="7012" />
    <span id="t_1114" from="7013" to="7014" />
    <span id="t_1115" from="7015" to="7017" />
    <span id="t_1116" from="7018" to="7021" />
    <span id="t_1117" from="7022" to="7031" />
    <span id="t_1118" from="7032" to="7035" />
    <span id="t_1119" from="7036" to="7044" />
    <span id="t_1120" from="7045" to="7057" />
    <span id="t_1121" from="7058" to="7060" />
    <span id="t_1122" from="7061" to="7069" />
    <span id="t_1123" from="7070" to="7071" />
    <span id="t_1124" from="7072" to="7074" />
    <span id="t_1125" from="7075" to="7078" />
    <span id="t_1126" from="7079" to="7093" />
    <span id="t_1127" from="7094" to="7118" />
    <span id="t_1128" from="7119" to="7131" />
    <span id="t_1129" from="7132" to="7136" />
    <span id="t_1130" from="7137" to="7140" />
    <span id="t_1131" from="7141" to="7149" />
    <span id="t_1132" from="7150" to="7162" />
    <span id="t_1133" from="7163" to="7170" />
    <span id="t_1134" from="7171" to="7174" />
    <span id="t_1135" from="7175" to="7189" />
    <span id="t_1136" from="7190" to="7195" />
    <span id="t_1137" from="7196" to="7197" />
    <span id="t_1138" from="7198" to="7205" />
    <span id="t_1139" from="7206" to="7210" />
    <span id="t_1140" from="7211" to="7215" />
    <span id="t_1141" from="7216" to="7222" />
    <span id="t_1142" from="7223" to="7229" />
    <span id="t_1143" from="7230" to="7231" />
    <span id="t_1144" from="7232" to="7235" />
    <span id="t_1145" from="7236" to="7239" />
    <span id="t_1146" from="7240" to="7246" />
    <span id="t_1147" from="7247" to="7256" />
    <span id="t_1148" from="7257" to="7261" />
    <span id="t_1149" from="7262" to="7270" />
    <span id="t_1150" from="7271" to="7282" />
    <span id="t_1151" from="7283" to="7294" />
    <span id="t_1152" from="7295" to="7296" />
    <span id="t_1153" from="7297" to="7301" />
    <span id="t_1154" from="7302" to="7306" />
    <span id="t_1155" from="7307" to="7310" />
    <span id="t_1156" from="7311" to="7322" />
    <span id="t_1157" from="7323" to="7326" />
    <span id="t_1158" from="7327" to="7334" />
    <span id="t_1159" from="7335" to="7338" />
    <span id="t_1160" from="7339" to="7344" />
    <span id="t_1161" from="7345" to="7348" />
    <span id="t_1162" from="7349" to="7356" />
    <span id="t_1163" from="7357" to="7362" />
    <span id="t_1164" from="7363" to="7364" />
    <span id="t_1165" from="7365" to="7368" />
    <span id="t_1166" from="7369" to="7380" />
    <span id="t_1167" from="7381" to="7391" />
    <span id="t_1168" from="7392" to="7395" />
    <span id="t_1169" from="7396" to="7403" />
    <span id="t_1170" from="7404" to="7407" />
    <span id="t_1171" from="7408" to="7411" />
    <span id="t_1172" from="7412" to="7425" />
    <span id="t_1173" from="7426" to="7428" />
    <span id="t_1174" from="7429" to="7439" />
    <span id="t_1175" from="7440" to="7441" />
    <span id="t_1176" from="7442" to="7445" />
    <span id="t_1177" from="7446" to="7451" />
    <span id="t_1178" from="7452" to="7455" />
    <span id="t_1179" from="7456" to="7464" />
    <span id="t_1180" from="7465" to="7469" />
    <span id="t_1181" from="7470" to="7476" />
    <span id="t_1182" from="7477" to="7486" />
    <span id="t_1183" from="7487" to="7495" />
    <span id="t_1184" from="7496" to="7500" />
    <span id="t_1185" from="7501" to="7502" />
    <span id="t_1186" from="7503" to="7506" />
    <span id="t_1187" from="7507" to="7515" />
    <span id="t_1188" from="7516" to="7519" />
    <span id="t_1189" from="7520" to="7525" />
    <span id="t_1190" from="7526" to="7535" />
    <span id="t_1191" from="7536" to="7545" />
    <span id="t_1192" from="7546" to="7550" />
    <span id="t_1193" from="7551" to="7569" />
    <span id="t_1194" from="7570" to="7571" />
    <span id="t_1195" from="7572" to="7574" />
    <span id="t_1196" from="7575" to="7581" />
    <span id="t_1197" from="7582" to="7586" />
    <span id="t_1198" from="7587" to="7591" />
    <span id="t_1199" from="7592" to="7595" />
    <span id="t_1200" from="7596" to="7602" />
    <span id="t_1201" from="7603" to="7605" />
    <span id="t_1202" from="7606" to="7611" />
    <span id="t_1203" from="7612" to="7629" />
    <span id="t_1204" from="7630" to="7635" />
    <span id="t_1205" from="7636" to="7637" />
    <span id="t_1206" from="7638" to="7641" />
    <span id="t_1207" from="7642" to="7647" />
    <span id="t_1208" from="7648" to="7661" />
    <span id="t_1209" from="7662" to="7665" />
    <span id="t_1210" from="7666" to="7669" />
    <span id="t_1211" from="7670" to="7677" />
    <span id="t_1212" from="7678" to="7683" />
    <span id="t_1213" from="7684" to="7692" />
    <span id="t_1214" from="7693" to="7694" />
    <span id="t_1215" from="7695" to="7698" />
    <span id="t_1216" from="7699" to="7709" />
    <span id="t_1217" from="7710" to="7714" />
    <span id="t_1218" from="7715" to="7723" />
    <span id="t_1219" from="7724" to="7727" />
    <span id="t_1220" from="7728" to="7742" />
    <span id="t_1221" from="7743" to="7746" />
    <span id="t_1222" from="7747" to="7750" />
    <span id="t_1223" from="7751" to="7769" />
    <span id="t_1224" from="7770" to="7771" />
    <span id="t_1225" from="7772" to="7775" />
    <span id="t_1226" from="7776" to="7790" />
    <span id="t_1227" from="7791" to="7799" />
    <span id="t_1228" from="7800" to="7805" />
    <span id="t_1229" from="7806" to="7809" />
    <span id="t_1230" from="7810" to="7813" />
    <span id="t_1231" from="7814" to="7830" />
    <span id="t_1232" from="7831" to="7840" />
    <span id="t_1233" from="7841" to="7844" />
    <span id="t_1234" from="7845" to="7850" />
    <span id="t_1235" from="7851" to="7852" />
    <span id="t_1236" from="7853" to="7865" />
    <span id="t_1237" from="7866" to="7882" />
    <span id="t_1238" from="7883" to="7884" />
    <span id="t_1239" from="7885" to="7886" />
    <span id="t_1240" from="7887" to="7890" />
    <span id="t_1241" from="7891" to="7894" />
    <span id="t_1242" from="7895" to="7902" />
    <span id="t_1243" from="7903" to="7909" />
    <span id="t_1244" from="7910" to="7912" />
    <span id="t_1245" from="7913" to="7917" />
    <span id="t_1246" from="7918" to="7924" />
    <span id="t_1247" from="7925" to="7934" />
    <span id="t_1248" from="7935" to="7936" />
    <span id="t_1249" from="7937" to="7945" />
    <span id="t_1250" from="7946" to="7949" />
    <span id="t_1251" from="7950" to="7965" />
    <span id="t_1252" from="7966" to="7985" />
    <span id="t_1253" from="7986" to="7987" />
    <span id="t_1254" from="7988" to="7996" />
    <span id="t_1255" from="7997" to="8000" />
    <span id="t_1256" from="8001" to="8012" />
    <span id="t_1257" from="8013" to="8017" />
    <span id="t_1258" from="8018" to="8022" />
    <span id="t_1259" from="8023" to="8024" />
    <span id="t_1260" from="8025" to="8035" />
    <span id="t_1261" from="8036" to="8045" />
    <span id="t_1262" from="8046" to="8054" />
    <span id="t_1263" from="8055" to="8056" />
    <span id="t_1264" from="8057" to="8059" />
    <span id="t_1265" from="8060" to="8068" />
    <span id="t_1266" from="8069" to="8072" />
    <span id="t_1267" from="8073" to="8078" />
    <span id="t_1268" from="8079" to="8082" />
    <span id="t_1269" from="8083" to="8095" />
    <span id="t_1270" from="8096" to="8104" />
    <span id="t_1271" from="8105" to="8112" />
    <span id="t_1272" from="8113" to="8117" />
    <span id="t_1273" from="8118" to="8120" />
    <span id="t_1274" from="8121" to="8127" />
    <span id="t_1275" from="8128" to="8129" />
    <span id="t_1276" from="8130" to="8133" />
    <span id="t_1277" from="8134" to="8139" />
    <span id="t_1278" from="8140" to="8154" />
    <span id="t_1279" from="8155" to="8156" />
    <span id="t_1280" from="8157" to="8160" />
    <span id="t_1281" from="8161" to="8164" />
    <span id="t_1282" from="8165" to="8172" />
    <span id="t_1283" from="8173" to="8177" />
    <span id="t_1284" from="8178" to="8180" />
    <span id="t_1285" from="8181" to="8184" />
    <span id="t_1286" from="8185" to="8195" />
    <span id="t_1287" from="8196" to="8204" />
    <span id="t_1288" from="8205" to="8208" />
    <span id="t_1289" from="8209" to="8210" />
    <span id="t_1290" from="8211" to="8216" />
    <span id="t_1291" from="8217" to="8218" />
    <span id="t_1292" from="8219" to="8222" />
    <span id="t_1293" from="8223" to="8235" />
    <span id="t_1294" from="8236" to="8239" />
    <span id="t_1295" from="8240" to="8250" />
    <span id="t_1296" from="8251" to="8252" />
    <span id="t_1297" from="8253" to="8261" />
    <span id="t_1298" from="8262" to="8265" />
    <span id="t_1299" from="8266" to="8274" />
    <span id="t_1300" from="8275" to="8280" />
    <span id="t_1301" from="8281" to="8297" />
    <span id="t_1302" from="8298" to="8303" />
    <span id="t_1303" from="8304" to="8310" />
    <span id="t_1304" from="8311" to="8312" />
    <span id="t_1305" from="8313" to="8316" />
    <span id="t_1306" from="8317" to="8323" />
    <span id="t_1307" from="8324" to="8331" />
    <span id="t_1308" from="8332" to="8333" />
    <span id="t_1309" from="8334" to="8336" />
    <span id="t_1310" from="8337" to="8340" />
    <span id="t_1311" from="8341" to="8345" />
    <span id="t_1312" from="8346" to="8355" />
    <span id="t_1313" from="8356" to="8359" />
    <span id="t_1314" from="8360" to="8369" />
    <span id="t_1315" from="8370" to="8373" />
    <span id="t_1316" from="8374" to="8382" />
    <span id="t_1317" from="8383" to="8390" />
    <span id="t_1318" from="8391" to="8394" />
    <span id="t_1319" from="8395" to="8396" />
    <span id="t_1320" from="8397" to="8405" />
    <span id="t_1321" from="8406" to="8409" />
    <span id="t_1322" from="8410" to="8421" />
    <span id="t_1323" from="8422" to="8425" />
    <span id="t_1324" from="8426" to="8434" />
    <span id="t_1325" from="8435" to="8444" />
    <span id="t_1326" from="8445" to="8460" />
    <span id="t_1327" from="8461" to="8464" />
    <span id="t_1328" from="8465" to="8483" />
    <span id="t_1329" from="8484" to="8490" />
    <span id="t_1330" from="8491" to="8492" />
    <span id="t_1331" from="8493" to="8495" />
    <span id="t_1332" from="8496" to="8502" />
    <span id="t_1333" from="8503" to="8506" />
    <span id="t_1334" from="8507" to="8509" />
    <span id="t_1335" from="8510" to="8519" />
    <span id="t_1336" from="8520" to="8530" />
    <span id="t_1337" from="8531" to="8537" />
    <span id="t_1338" from="8538" to="8539" />
    <span id="t_1339" from="8540" to="8543" />
    <span id="t_1340" from="8544" to="8547" />
    <span id="t_1341" from="8548" to="8555" />
    <span id="t_1342" from="8556" to="8562" />
    <span id="t_1343" from="8563" to="8565" />
    <span id="t_1344" from="8566" to="8571" />
    <span id="t_1345" from="8572" to="8580" />
    <span id="t_1346" from="8581" to="8588" />
    <span id="t_1347" from="8589" to="8592" />
    <span id="t_1348" from="8593" to="8609" />
    <span id="t_1349" from="8610" to="8611" />
    <span id="t_1350" from="8612" to="8620" />
    <span id="t_1351" from="8621" to="8633" />
    <span id="t_1352" from="8634" to="8637" />
    <span id="t_1353" from="8638" to="8660" />
    <span id="t_1354" from="8661" to="8666" />
    <span id="t_1355" from="8667" to="8668" />
    <span id="t_1356" from="8669" to="8672" />
    <span id="t_1357" from="8673" to="8678" />
    <span id="t_1358" from="8679" to="8684" />
    <span id="t_1359" from="8685" to="8689" />
    <span id="t_1360" from="8690" to="8693" />
    <span id="t_1361" from="8694" to="8698" />
    <span id="t_1362" from="8699" to="8710" />
    <span id="t_1363" from="8711" to="8712" />
    <span id="t_1364" from="8713" to="8717" />
    <span id="t_1365" from="8718" to="8722" />
    <span id="t_1366" from="8723" to="8727" />
    <span id="t_1367" from="8728" to="8731" />
    <span id="t_1368" from="8732" to="8735" />
    <span id="t_1369" from="8736" to="8752" />
    <span id="t_1370" from="8753" to="8759" />
    <span id="t_1371" from="8760" to="8766" />
    <span id="t_1372" from="8767" to="8772" />
    <span id="t_1373" from="8773" to="8779" />
    <span id="t_1374" from="8780" to="8781" />
    <span id="t_1375" from="8782" to="8785" />
    <span id="t_1376" from="8786" to="8797" />
    <span id="t_1377" from="8798" to="8801" />
    <span id="t_1378" from="8802" to="8809" />
    <span id="t_1379" from="8810" to="8811" />
    <span id="t_1380" from="8812" to="8815" />
    <span id="t_1381" from="8816" to="8819" />
    <span id="t_1382" from="8820" to="8824" />
    <span id="t_1383" from="8825" to="8842" />
    <span id="t_1384" from="8843" to="8846" />
    <span id="t_1385" from="8847" to="8858" />
    <span id="t_1386" from="8859" to="8867" />
    <span id="t_1387" from="8868" to="8878" />
    <span id="t_1388" from="8879" to="8882" />
    <span id="t_1389" from="8883" to="8895" />
    <span id="t_1390" from="8896" to="8899" />
    <span id="t_1391" from="8900" to="8912" />
    <span id="t_1392" from="8913" to="8916" />
    <span id="t_1393" from="8917" to="8927" />
    <span id="t_1394" from="8928" to="8936" />
    <span id="t_1395" from="8937" to="8942" />
    <span id="t_1396" from="8943" to="8944" />
    <span id="t_1397" from="8945" to="8951" />
    <span id="t_1398" from="8952" to="8953" />
    <span id="t_1399" from="8954" to="8957" />
    <span id="t_1400" from="8958" to="8962" />
    <span id="t_1401" from="8963" to="8972" />
    <span id="t_1402" from="8973" to="8976" />
    <span id="t_1403" from="8977" to="8986" />
    <span id="t_1404" from="8987" to="8990" />
    <span id="t_1405" from="8991" to="9005" />
    <span id="t_1406" from="9006" to="9009" />
    <span id="t_1407" from="9010" to="9013" />
    <span id="t_1408" from="9014" to="9015" />
    <span id="t_1409" from="9016" to="9022" />
    <span id="t_1410" from="9023" to="9029" />
    <span id="t_1411" from="9030" to="9042" />
    <span id="t_1412" from="9043" to="9044" />
    <span id="t_1413" from="9045" to="9050" />
    <span id="t_1414" from="9051" to="9061" />
    <span id="t_1415" from="9062" to="9065" />
    <span id="t_1416" from="9066" to="9071" />
    <span id="t_1417" from="9072" to="9078" />
    <span id="t_1418" from="9079" to="9087" />
    <span id="t_1419" from="9088" to="9091" />
    <span id="t_1420" from="9092" to="9105" />
    <span id="t_1421" from="9106" to="9116" />
    <span id="t_1422" from="9117" to="9126" />
    <span id="t_1423" from="9127" to="9130" />
    <span id="t_1424" from="9131" to="9132" />
    <span id="t_1425" from="9133" to="9138" />
    <span id="t_1426" from="9139" to="9144" />
    <span id="t_1427" from="9145" to="9154" />
    <span id="t_1428" from="9155" to="9158" />
    <span id="t_1429" from="9159" to="9163" />
    <span id="t_1430" from="9164" to="9175" />
    <span id="t_1431" from="9176" to="9180" />
    <span id="t_1432" from="9181" to="9182" />
    <span id="t_1433" from="9183" to="9186" />
    <span id="t_1434" from="9187" to="9193" />
    <span id="t_1435" from="9194" to="9202" />
    <span id="t_1436" from="9203" to="9206" />
    <span id="t_1437" from="9207" to="9210" />
    <span id="t_1438" from="9211" to="9217" />
    <span id="t_1439" from="9218" to="9221" />
    <span id="t_1440" from="9222" to="9237" />
    <span id="t_1441" from="9238" to="9249" />
    <span id="t_1442" from="9250" to="9251" />
    <span id="t_1443" from="9252" to="9257" />
    <span id="t_1444" from="9258" to="9262" />
    <span id="t_1445" from="9263" to="9271" />
    <span id="t_1446" from="9272" to="9280" />
    <span id="t_1447" from="9281" to="9282" />
    <span id="t_1448" from="9283" to="9286" />
    <span id="t_1449" from="9287" to="9300" />
    <span id="t_1450" from="9301" to="9304" />
    <span id="t_1451" from="9305" to="9310" />
    <span id="t_1452" from="9311" to="9320" />
    <span id="t_1453" from="9321" to="9324" />
    <span id="t_1454" from="9325" to="9330" />
    <span id="t_1455" from="9331" to="9340" />
    <span id="t_1456" from="9341" to="9355" />
    <span id="t_1457" from="9356" to="9358" />
    <span id="t_1458" from="9359" to="9369" />
    <span id="t_1459" from="9370" to="9374" />
    <span id="t_1460" from="9375" to="9376" />
    <span id="t_1461" from="9377" to="9384" />
    <span id="t_1462" from="9385" to="9395" />
    <span id="t_1463" from="9396" to="9400" />
    <span id="t_1464" from="9401" to="9410" />
    <span id="t_1465" from="9411" to="9414" />
    <span id="t_1466" from="9415" to="9426" />
    <span id="t_1467" from="9427" to="9435" />
    <span id="t_1468" from="9436" to="9438" />
    <span id="t_1469" from="9439" to="9442" />
    <span id="t_1470" from="9443" to="9452" />
    <span id="t_1471" from="9453" to="9461" />
    <span id="t_1472" from="9462" to="9465" />
    <span id="t_1473" from="9466" to="9472" />
    <span id="t_1474" from="9473" to="9476" />
    <span id="t_1475" from="9477" to="9483" />
    <span id="t_1476" from="9484" to="9494" />
    <span id="t_1477" from="9495" to="9506" />
    <span id="t_1478" from="9507" to="9512" />
    <span id="t_1479" from="9513" to="9522" />
    <span id="t_1480" from="9523" to="9525" />
    <span id="t_1481" from="9526" to="9527" />
    <span id="t_1482" from="9528" to="9530" />
    <span id="t_1483" from="9531" to="9545" />
    <span id="t_1484" from="9546" to="9551" />
    <span id="t_1485" from="9552" to="9553" />
    <span id="t_1486" from="9554" to="9558" />
    <span id="t_1487" from="9559" to="9561" />
    <span id="t_1488" from="9562" to="9565" />
    <span id="t_1489" from="9566" to="9570" />
    <span id="t_1490" from="9571" to="9576" />
    <span id="t_1491" from="9577" to="9581" />
    <span id="t_1492" from="9582" to="9588" />
    <span id="t_1493" from="9589" to="9601" />
    <span id="t_1494" from="9602" to="9606" />
    <span id="t_1495" from="9607" to="9608" />
    <span id="t_1496" from="9609" to="9610" />
    <span id="t_1497" from="9611" to="9615" />
    <span id="t_1498" from="9616" to="9623" />
    <span id="t_1499" from="9624" to="9628" />
    <span id="t_1500" from="9629" to="9632" />
    <span id="t_1501" from="9633" to="9643" />
    <span id="t_1502" from="9644" to="9652" />
    <span id="t_1503" from="9653" to="9661" />
    <span id="t_1504" from="9662" to="9672" />
    <span id="t_1505" from="9673" to="9674" />
    <span id="t_1506" from="9675" to="9681" />
    <span id="t_1507" from="9682" to="9689" />
    <span id="t_1508" from="9690" to="9691" />
    <span id="t_1509" from="9692" to="9695" />
    <span id="t_1510" from="9696" to="9700" />
    <span id="t_1511" from="9701" to="9704" />
    <span id="t_1512" from="9705" to="9713" />
    <span id="t_1513" from="9714" to="9717" />
    <span id="t_1514" from="9718" to="9720" />
    <span id="t_1515" from="9721" to="9724" />
    <span id="t_1516" from="9725" to="9728" />
    <span id="t_1517" from="9729" to="9730" />
    <span id="t_1518" from="9731" to="9735" />
    <span id="t_1519" from="9736" to="9737" />
    <span id="t_1520" from="9738" to="9739" />
    <span id="t_1521" from="9740" to="9743" />
    <span id="t_1522" from="9744" to="9758" />
    <span id="t_1523" from="9759" to="9762" />
    <span id="t_1524" from="9763" to="9765" />
    <span id="t_1525" from="9766" to="9773" />
    <span id="t_1526" from="9774" to="9777" />
    <span id="t_1527" from="9778" to="9787" />
    <span id="t_1528" from="9788" to="9795" />
    <span id="t_1529" from="9796" to="9797" />
    <span id="t_1530" from="9798" to="9806" />
    <span id="t_1531" from="9807" to="9810" />
    <span id="t_1532" from="9811" to="9812" />
    <span id="t_1533" from="9813" to="9817" />
    <span id="t_1534" from="9818" to="9823" />
    <span id="t_1535" from="9824" to="9831" />
    <span id="t_1536" from="9832" to="9834" />
    <span id="t_1537" from="9835" to="9846" />
    <span id="t_1538" from="9847" to="9853" />
    <span id="t_1539" from="9854" to="9857" />
    <span id="t_1540" from="9858" to="9874" />
    <span id="t_1541" from="9875" to="9882" />
    <span id="t_1542" from="9883" to="9886" />
    <span id="t_1543" from="9887" to="9892" />
    <span id="t_1544" from="9893" to="9898" />
    <span id="t_1545" from="9899" to="9900" />
    <span id="t_1546" from="9901" to="9910" />
    <span id="t_1547" from="9911" to="9914" />
    <span id="t_1548" from="9915" to="9918" />
    <span id="t_1549" from="9919" to="9928" />
    <span id="t_1550" from="9929" to="9932" />
    <span id="t_1551" from="9933" to="9947" />
    <span id="t_1552" from="9948" to="9954" />
    <span id="t_1553" from="9955" to="9959" />
    <span id="t_1554" from="9960" to="9968" />
    <span id="t_1555" from="9969" to="9970" />
    <span id="t_1556" from="9971" to="9974" />
    <span id="t_1557" from="9975" to="9976" />
    <span id="t_1558" from="9977" to="9982" />
    <span id="t_1559" from="9983" to="9988" />
    <span id="t_1560" from="9989" to="9999" />
    <span id="t_1561" from="10000" to="10001" />
    <span id="t_1562" from="10002" to="10007" />
    <span id="t_1563" from="10008" to="10011" />
    <span id="t_1564" from="10012" to="10018" />
    <span id="t_1565" from="10019" to="10022" />
    <span id="t_1566" from="10023" to="10042" />
    <span id="t_1567" from="10043" to="10046" />
    <span id="t_1568" from="10047" to="10050" />
    <span id="t_1569" from="10051" to="10055" />
    <span id="t_1570" from="10056" to="10057" />
    <span id="t_1571" from="10058" to="10061" />
    <span id="t_1572" from="10062" to="10064" />
    <span id="t_1573" from="10065" to="10070" />
    <span id="t_1574" from="10071" to="10082" />
    <span id="t_1575" from="10083" to="10091" />
    <span id="t_1576" from="10092" to="10096" />
    <span id="t_1577" from="10097" to="10102" />
    <span id="t_1578" from="10103" to="10110" />
    <span id="t_1579" from="10111" to="10114" />
    <span id="t_1580" from="10115" to="10123" />
    <span id="t_1581" from="10124" to="10125" />
    <span id="t_1582" from="10126" to="10129" />
    <span id="t_1583" from="10130" to="10137" />
    <span id="t_1584" from="10138" to="10141" />
    <span id="t_1585" from="10142" to="10160" />
    <span id="t_1586" from="10161" to="10169" />
    <span id="t_1587" from="10170" to="10173" />
    <span id="t_1588" from="10174" to="10178" />
    <span id="t_1589" from="10179" to="10183" />
    <span id="t_1590" from="10184" to="10185" />
    <span id="t_1591" from="10186" to="10189" />
    <span id="t_1592" from="10190" to="10193" />
    <span id="t_1593" from="10194" to="10199" />
    <span id="t_1594" from="10200" to="10203" />
    <span id="t_1595" from="10204" to="10205" />
    <span id="t_1596" from="10206" to="10213" />
    <span id="t_1597" from="10214" to="10220" />
    <span id="t_1598" from="10221" to="10224" />
    <span id="t_1599" from="10225" to="10227" />
    <span id="t_1600" from="10228" to="10249" />
    <span id="t_1601" from="10250" to="10262" />
    <span id="t_1602" from="10263" to="10267" />
    <span id="t_1603" from="10268" to="10270" />
    <span id="t_1604" from="10271" to="10272" />
    <span id="t_1605" from="10273" to="10285" />
    <span id="t_1606" from="10286" to="10289" />
    <span id="t_1607" from="10290" to="10294" />
    <span id="t_1608" from="10295" to="10297" />
    <span id="t_1609" from="10298" to="10301" />
    <span id="t_1610" from="10302" to="10311" />
    <span id="t_1611" from="10312" to="10313" />
    <span id="t_1612" from="10314" to="10316" />
    <span id="t_1613" from="10317" to="10321" />
    <span id="t_1614" from="10322" to="10327" />
    <span id="t_1615" from="10328" to="10339" />
    <span id="t_1616" from="10340" to="10350" />
    <span id="t_1617" from="10351" to="10352" />
    <span id="t_1618" from="10353" to="10358" />
    <span id="t_1619" from="10359" to="10369" />
    <span id="t_1620" from="10370" to="10378" />
    <span id="t_1621" from="10379" to="10382" />
    <span id="t_1622" from="10383" to="10388" />
    <span id="t_1623" from="10389" to="10402" />
    <span id="t_1624" from="10403" to="10423" />
    <span id="t_1625" from="10424" to="10425" />
    <span id="t_1626" from="10426" to="10436" />
    <span id="t_1627" from="10437" to="10447" />
    <span id="t_1628" from="10448" to="10452" />
    <span id="t_1629" from="10453" to="10456" />
    <span id="t_1630" from="10457" to="10460" />
    <span id="t_1631" from="10461" to="10470" />
    <span id="t_1632" from="10471" to="10475" />
    <span id="t_1633" from="10476" to="10481" />
    <span id="t_1634" from="10482" to="10486" />
    <span id="t_1635" from="10487" to="10494" />
    <span id="t_1636" from="10495" to="10496" />
    <span id="t_1637" from="10497" to="10505" />
    <span id="t_1638" from="10506" to="10509" />
    <span id="t_1639" from="10510" to="10518" />
    <span id="t_1640" from="10519" to="10520" />
    <span id="t_1641" from="10521" to="10525" />
    <span id="t_1642" from="10526" to="10531" />
    <span id="t_1643" from="10532" to="10535" />
    <span id="t_1644" from="10536" to="10542" />
    <span id="t_1645" from="10543" to="10544" />
    <span id="t_1646" from="10545" to="10548" />
    <span id="t_1647" from="10549" to="10552" />
    <span id="t_1648" from="10553" to="10558" />
    <span id="t_1649" from="10559" to="10560" />
    <span id="t_1650" from="10561" to="10564" />
    <span id="t_1651" from="10565" to="10575" />
    <span id="t_1652" from="10576" to="10579" />
    <span id="t_1653" from="10580" to="10596" />
    <span id="t_1654" from="10597" to="10600" />
    <span id="t_1655" from="10601" to="10613" />
    <span id="t_1656" from="10614" to="10623" />
    <span id="t_1657" from="10624" to="10626" />
    <span id="t_1658" from="10627" to="10632" />
    <span id="t_1659" from="10633" to="10639" />
    <span id="t_1660" from="10640" to="10642" />
    <span id="t_1661" from="10643" to="10650" />
    <span id="t_1662" from="10651" to="10652" />
    <span id="t_1663" from="10653" to="10659" />
    <span id="t_1664" from="10660" to="10663" />
    <span id="t_1665" from="10664" to="10667" />
    <span id="t_1666" from="10668" to="10674" />
    <span id="t_1667" from="10675" to="10676" />
    <span id="t_1668" from="10677" to="10680" />
    <span id="t_1669" from="10681" to="10688" />
    <span id="t_1670" from="10689" to="10694" />
    <span id="t_1671" from="10695" to="10700" />
    <span id="t_1672" from="10701" to="10706" />
    <span id="t_1673" from="10707" to="10708" />

  </spanList>
</layer>