<?xml version="1.0" encoding="UTF-8"?>
<?xml-model href="span.rng" type="application/xml" schematypens="http://relaxng.org/ns/structure/1.0"?>

<layer docid="TLX_CE2011.000000" xmlns="http://ids-mannheim.de/ns/KorAP" version="KorAP-0.4">
  <spanList>
    <span id="t_0" from="0" to="10" />
    <span id="t_1" from="11" to="12" />
    <span id="t_2" from="13" to="16" />
    <span id="t_3" from="17" to="21" />
    <span id="t_4" from="22" to="26" />
    <span id="t_5" from="27" to="34" />
    <span id="t_6" from="35" to="36" />
    <span id="t_7" from="37" to="41" />
    <span id="t_8" from="42" to="45" />
    <span id="t_9" from="46" to="49" />
    <span id="t_10" from="50" to="53" />
    <span id="t_11" from="54" to="56" />
    <span id="t_12" from="57" to="68" />
    <span id="t_13" from="69" to="74" />
    <span id="t_14" from="75" to="76" />
    <span id="t_15" from="77" to="80" />
    <span id="t_16" from="81" to="86" />
    <span id="t_17" from="87" to="93" />
    <span id="t_18" from="94" to="96" />
    <span id="t_19" from="97" to="102" />
    <span id="t_20" from="103" to="109" />
    <span id="t_21" from="110" to="115" />
    <span id="t_22" from="116" to="119" />
    <span id="t_23" from="120" to="130" />
    <span id="t_24" from="131" to="139" />
    <span id="t_25" from="140" to="149" />
    <span id="t_26" from="150" to="151" />
    <span id="t_27" from="152" to="155" />
    <span id="t_28" from="156" to="161" />
    <span id="t_29" from="162" to="167" />
    <span id="t_30" from="168" to="177" />
    <span id="t_31" from="178" to="185" />
    <span id="t_32" from="186" to="189" />
    <span id="t_33" from="190" to="195" />
    <span id="t_34" from="196" to="202" />
    <span id="t_35" from="203" to="204" />
    <span id="t_36" from="205" to="208" />
    <span id="t_37" from="209" to="212" />
    <span id="t_38" from="213" to="226" />
    <span id="t_39" from="227" to="234" />
    <span id="t_40" from="235" to="236" />
    <span id="t_41" from="237" to="240" />
    <span id="t_42" from="241" to="246" />
    <span id="t_43" from="247" to="249" />
    <span id="t_44" from="250" to="253" />
    <span id="t_45" from="254" to="265" />
    <span id="t_46" from="266" to="271" />
    <span id="t_47" from="272" to="274" />
    <span id="t_48" from="275" to="283" />
    <span id="t_49" from="284" to="298" />
    <span id="t_50" from="299" to="300" />
    <span id="t_51" from="301" to="304" />
    <span id="t_52" from="305" to="310" />
    <span id="t_53" from="311" to="313" />
    <span id="t_54" from="314" to="317" />
    <span id="t_55" from="318" to="331" />
    <span id="t_56" from="332" to="338" />
    <span id="t_57" from="339" to="341" />
    <span id="t_58" from="342" to="351" />
    <span id="t_59" from="352" to="353" />
    <span id="t_60" from="354" to="356" />
    <span id="t_61" from="357" to="360" />
    <span id="t_62" from="361" to="373" />
    <span id="t_63" from="374" to="382" />
    <span id="t_64" from="383" to="388" />
    <span id="t_65" from="389" to="393" />
    <span id="t_66" from="394" to="403" />
    <span id="t_67" from="404" to="408" />
    <span id="t_68" from="409" to="410" />
    <span id="t_69" from="411" to="414" />
    <span id="t_70" from="415" to="425" />
    <span id="t_71" from="426" to="431" />
    <span id="t_72" from="432" to="435" />
    <span id="t_73" from="436" to="445" />
    <span id="t_74" from="446" to="447" />
    <span id="t_75" from="448" to="451" />
    <span id="t_76" from="452" to="459" />
    <span id="t_77" from="460" to="471" />
    <span id="t_78" from="472" to="475" />
    <span id="t_79" from="476" to="486" />
    <span id="t_80" from="487" to="492" />
    <span id="t_81" from="493" to="500" />
    <span id="t_82" from="501" to="504" />
    <span id="t_83" from="505" to="517" />
    <span id="t_84" from="518" to="530" />
    <span id="t_85" from="531" to="536" />
    <span id="t_86" from="537" to="540" />
    <span id="t_87" from="541" to="548" />
    <span id="t_88" from="549" to="553" />
    <span id="t_89" from="554" to="563" />
    <span id="t_90" from="564" to="579" />
    <span id="t_91" from="580" to="588" />
    <span id="t_92" from="589" to="594" />
    <span id="t_93" from="595" to="596" />
    <span id="t_94" from="597" to="600" />
    <span id="t_95" from="601" to="604" />
    <span id="t_96" from="605" to="610" />
    <span id="t_97" from="611" to="619" />
    <span id="t_98" from="620" to="629" />
    <span id="t_99" from="630" to="634" />
    <span id="t_100" from="635" to="638" />
    <span id="t_101" from="639" to="650" />
    <span id="t_102" from="651" to="662" />
    <span id="t_103" from="663" to="664" />
    <span id="t_104" from="665" to="668" />
    <span id="t_105" from="669" to="674" />
    <span id="t_106" from="675" to="677" />
    <span id="t_107" from="678" to="682" />
    <span id="t_108" from="683" to="697" />
    <span id="t_109" from="698" to="703" />
    <span id="t_110" from="704" to="706" />
    <span id="t_111" from="707" to="716" />
    <span id="t_112" from="717" to="726" />
    <span id="t_113" from="727" to="728" />
    <span id="t_114" from="729" to="732" />
    <span id="t_115" from="733" to="738" />
    <span id="t_116" from="739" to="742" />
    <span id="t_117" from="743" to="750" />
    <span id="t_118" from="751" to="752" />
    <span id="t_119" from="753" to="757" />
    <span id="t_120" from="758" to="761" />
    <span id="t_121" from="762" to="767" />
    <span id="t_122" from="768" to="771" />
    <span id="t_123" from="772" to="775" />
    <span id="t_124" from="776" to="782" />
    <span id="t_125" from="783" to="787" />
    <span id="t_126" from="788" to="791" />
    <span id="t_127" from="792" to="799" />
    <span id="t_128" from="800" to="807" />
    <span id="t_129" from="808" to="809" />
    <span id="t_130" from="810" to="813" />
    <span id="t_131" from="814" to="819" />
    <span id="t_132" from="820" to="826" />
    <span id="t_133" from="827" to="830" />
    <span id="t_134" from="831" to="841" />
    <span id="t_135" from="842" to="851" />
    <span id="t_136" from="852" to="863" />
    <span id="t_137" from="864" to="865" />
    <span id="t_138" from="866" to="869" />
    <span id="t_139" from="870" to="871" />
    <span id="t_140" from="872" to="880" />
    <span id="t_141" from="881" to="889" />
    <span id="t_142" from="890" to="894" />
    <span id="t_143" from="895" to="900" />
    <span id="t_144" from="901" to="907" />
    <span id="t_145" from="908" to="909" />
    <span id="t_146" from="910" to="918" />
    <span id="t_147" from="919" to="923" />
    <span id="t_148" from="924" to="925" />
    <span id="t_149" from="926" to="927" />
    <span id="t_150" from="928" to="931" />
    <span id="t_151" from="932" to="936" />
    <span id="t_152" from="937" to="940" />
    <span id="t_153" from="941" to="944" />
    <span id="t_154" from="945" to="949" />
    <span id="t_155" from="950" to="953" />
    <span id="t_156" from="954" to="960" />
    <span id="t_157" from="961" to="964" />
    <span id="t_158" from="965" to="968" />
    <span id="t_159" from="969" to="974" />
    <span id="t_160" from="975" to="976" />
    <span id="t_161" from="977" to="979" />
    <span id="t_162" from="980" to="983" />
    <span id="t_163" from="984" to="989" />
    <span id="t_164" from="990" to="992" />
    <span id="t_165" from="993" to="1001" />
    <span id="t_166" from="1002" to="1003" />
    <span id="t_167" from="1004" to="1007" />
    <span id="t_168" from="1008" to="1013" />
    <span id="t_169" from="1014" to="1016" />
    <span id="t_170" from="1017" to="1022" />
    <span id="t_171" from="1023" to="1029" />
    <span id="t_172" from="1030" to="1032" />
    <span id="t_173" from="1033" to="1050" />
    <span id="t_174" from="1051" to="1053" />
    <span id="t_175" from="1054" to="1060" />
    <span id="t_176" from="1061" to="1062" />
    <span id="t_177" from="1063" to="1066" />
    <span id="t_178" from="1067" to="1070" />
    <span id="t_179" from="1071" to="1077" />
    <span id="t_180" from="1078" to="1084" />
    <span id="t_181" from="1085" to="1087" />
    <span id="t_182" from="1088" to="1097" />
    <span id="t_183" from="1098" to="1101" />
    <span id="t_184" from="1102" to="1103" />
    <span id="t_185" from="1104" to="1106" />
    <span id="t_186" from="1107" to="1110" />
    <span id="t_187" from="1111" to="1114" />
    <span id="t_188" from="1115" to="1126" />
    <span id="t_189" from="1127" to="1134" />
    <span id="t_190" from="1135" to="1137" />
    <span id="t_191" from="1138" to="1141" />
    <span id="t_192" from="1142" to="1153" />
    <span id="t_193" from="1154" to="1167" />
    <span id="t_194" from="1168" to="1176" />
    <span id="t_195" from="1177" to="1179" />
    <span id="t_196" from="1180" to="1187" />
    <span id="t_197" from="1188" to="1192" />
    <span id="t_198" from="1193" to="1194" />
    <span id="t_199" from="1195" to="1199" />
    <span id="t_200" from="1200" to="1203" />
    <span id="t_201" from="1204" to="1209" />
    <span id="t_202" from="1210" to="1214" />
    <span id="t_203" from="1215" to="1221" />
    <span id="t_204" from="1222" to="1225" />
    <span id="t_205" from="1226" to="1230" />
    <span id="t_206" from="1231" to="1240" />
    <span id="t_207" from="1241" to="1246" />
    <span id="t_208" from="1247" to="1248" />
    <span id="t_209" from="1249" to="1252" />
    <span id="t_210" from="1253" to="1260" />
    <span id="t_211" from="1261" to="1262" />
    <span id="t_212" from="1263" to="1268" />
    <span id="t_213" from="1269" to="1272" />
    <span id="t_214" from="1273" to="1276" />
    <span id="t_215" from="1277" to="1284" />
    <span id="t_216" from="1285" to="1287" />
    <span id="t_217" from="1288" to="1291" />
    <span id="t_218" from="1292" to="1293" />
    <span id="t_219" from="1294" to="1298" />
    <span id="t_220" from="1299" to="1303" />
    <span id="t_221" from="1304" to="1310" />
    <span id="t_222" from="1311" to="1312" />
    <span id="t_223" from="1313" to="1315" />
    <span id="t_224" from="1316" to="1321" />
    <span id="t_225" from="1322" to="1325" />
    <span id="t_226" from="1326" to="1329" />
    <span id="t_227" from="1330" to="1333" />
    <span id="t_228" from="1334" to="1335" />
    <span id="t_229" from="1336" to="1339" />
    <span id="t_230" from="1340" to="1348" />
    <span id="t_231" from="1349" to="1359" />
    <span id="t_232" from="1360" to="1363" />
    <span id="t_233" from="1364" to="1365" />
    <span id="t_234" from="1366" to="1370" />
    <span id="t_235" from="1371" to="1373" />
    <span id="t_236" from="1374" to="1378" />
    <span id="t_237" from="1379" to="1383" />
    <span id="t_238" from="1384" to="1385" />
    <span id="t_239" from="1386" to="1389" />
    <span id="t_240" from="1390" to="1393" />
    <span id="t_241" from="1394" to="1395" />
    <span id="t_242" from="1396" to="1406" />
    <span id="t_243" from="1407" to="1408" />
    <span id="t_244" from="1409" to="1415" />
    <span id="t_245" from="1416" to="1418" />
    <span id="t_246" from="1419" to="1430" />
    <span id="t_247" from="1431" to="1433" />
    <span id="t_248" from="1434" to="1442" />
    <span id="t_249" from="1443" to="1449" />
    <span id="t_250" from="1450" to="1455" />
    <span id="t_251" from="1456" to="1457" />
    <span id="t_252" from="1458" to="1462" />
    <span id="t_253" from="1463" to="1471" />
    <span id="t_254" from="1472" to="1476" />
    <span id="t_255" from="1477" to="1483" />
    <span id="t_256" from="1484" to="1485" />
    <span id="t_257" from="1486" to="1490" />
    <span id="t_258" from="1491" to="1494" />
    <span id="t_259" from="1495" to="1500" />
    <span id="t_260" from="1501" to="1505" />
    <span id="t_261" from="1506" to="1515" />
    <span id="t_262" from="1516" to="1517" />
    <span id="t_263" from="1518" to="1521" />
    <span id="t_264" from="1522" to="1525" />
    <span id="t_265" from="1526" to="1534" />
    <span id="t_266" from="1535" to="1538" />
    <span id="t_267" from="1539" to="1542" />
    <span id="t_268" from="1543" to="1551" />
    <span id="t_269" from="1552" to="1565" />
    <span id="t_270" from="1566" to="1569" />
    <span id="t_271" from="1570" to="1573" />
    <span id="t_272" from="1574" to="1579" />
    <span id="t_273" from="1580" to="1581" />
    <span id="t_274" from="1582" to="1587" />
    <span id="t_275" from="1588" to="1593" />
    <span id="t_276" from="1594" to="1602" />
    <span id="t_277" from="1603" to="1608" />
    <span id="t_278" from="1609" to="1610" />
    <span id="t_279" from="1611" to="1612" />
    <span id="t_280" from="1613" to="1616" />
    <span id="t_281" from="1617" to="1622" />
    <span id="t_282" from="1623" to="1625" />
    <span id="t_283" from="1626" to="1629" />
    <span id="t_284" from="1630" to="1639" />
    <span id="t_285" from="1640" to="1643" />
    <span id="t_286" from="1644" to="1647" />
    <span id="t_287" from="1648" to="1654" />
    <span id="t_288" from="1655" to="1662" />
    <span id="t_289" from="1663" to="1667" />
    <span id="t_290" from="1668" to="1670" />
    <span id="t_291" from="1671" to="1679" />
    <span id="t_292" from="1680" to="1683" />
    <span id="t_293" from="1684" to="1687" />
    <span id="t_294" from="1688" to="1698" />
    <span id="t_295" from="1699" to="1704" />
    <span id="t_296" from="1705" to="1706" />
    <span id="t_297" from="1707" to="1710" />
    <span id="t_298" from="1711" to="1724" />
    <span id="t_299" from="1725" to="1728" />
    <span id="t_300" from="1729" to="1736" />
    <span id="t_301" from="1737" to="1745" />
    <span id="t_302" from="1746" to="1747" />
    <span id="t_303" from="1748" to="1756" />
    <span id="t_304" from="1757" to="1762" />
    <span id="t_305" from="1763" to="1764" />
    <span id="t_306" from="1765" to="1768" />
    <span id="t_307" from="1769" to="1774" />
    <span id="t_308" from="1775" to="1778" />
    <span id="t_309" from="1779" to="1785" />
    <span id="t_310" from="1786" to="1791" />
    <span id="t_311" from="1792" to="1795" />
    <span id="t_312" from="1796" to="1798" />
    <span id="t_313" from="1799" to="1805" />
    <span id="t_314" from="1806" to="1815" />
    <span id="t_315" from="1816" to="1831" />
    <span id="t_316" from="1832" to="1838" />
    <span id="t_317" from="1839" to="1852" />
    <span id="t_318" from="1853" to="1856" />
    <span id="t_319" from="1857" to="1861" />
    <span id="t_320" from="1862" to="1870" />
    <span id="t_321" from="1871" to="1872" />
    <span id="t_322" from="1873" to="1875" />
    <span id="t_323" from="1876" to="1884" />
    <span id="t_324" from="1885" to="1887" />
    <span id="t_325" from="1888" to="1896" />
    <span id="t_326" from="1897" to="1900" />
    <span id="t_327" from="1901" to="1906" />
    <span id="t_328" from="1907" to="1916" />
    <span id="t_329" from="1917" to="1918" />
    <span id="t_330" from="1919" to="1922" />
    <span id="t_331" from="1923" to="1928" />
    <span id="t_332" from="1929" to="1932" />
    <span id="t_333" from="1933" to="1941" />
    <span id="t_334" from="1942" to="1949" />
    <span id="t_335" from="1950" to="1953" />
    <span id="t_336" from="1954" to="1964" />
    <span id="t_337" from="1965" to="1968" />
    <span id="t_338" from="1969" to="1974" />
    <span id="t_339" from="1975" to="1978" />
    <span id="t_340" from="1979" to="1987" />
    <span id="t_341" from="1988" to="1991" />
    <span id="t_342" from="1992" to="2002" />
    <span id="t_343" from="2003" to="2011" />
    <span id="t_344" from="2012" to="2014" />
    <span id="t_345" from="2015" to="2026" />
    <span id="t_346" from="2027" to="2028" />
    <span id="t_347" from="2029" to="2032" />
    <span id="t_348" from="2033" to="2040" />
    <span id="t_349" from="2041" to="2044" />
    <span id="t_350" from="2045" to="2057" />
    <span id="t_351" from="2058" to="2061" />
    <span id="t_352" from="2062" to="2065" />
    <span id="t_353" from="2066" to="2072" />
    <span id="t_354" from="2073" to="2076" />
    <span id="t_355" from="2077" to="2087" />
    <span id="t_356" from="2088" to="2091" />
    <span id="t_357" from="2092" to="2104" />
    <span id="t_358" from="2105" to="2106" />
    <span id="t_359" from="2107" to="2110" />
    <span id="t_360" from="2111" to="2122" />
    <span id="t_361" from="2123" to="2126" />
    <span id="t_362" from="2127" to="2135" />
    <span id="t_363" from="2136" to="2139" />
    <span id="t_364" from="2140" to="2152" />
    <span id="t_365" from="2153" to="2154" />
    <span id="t_366" from="2155" to="2158" />
    <span id="t_367" from="2159" to="2172" />
    <span id="t_368" from="2173" to="2184" />
    <span id="t_369" from="2185" to="2188" />
    <span id="t_370" from="2189" to="2195" />
    <span id="t_371" from="2196" to="2199" />
    <span id="t_372" from="2200" to="2210" />
    <span id="t_373" from="2211" to="2217" />
    <span id="t_374" from="2218" to="2223" />
    <span id="t_375" from="2224" to="2226" />
    <span id="t_376" from="2227" to="2233" />
    <span id="t_377" from="2234" to="2235" />
    <span id="t_378" from="2236" to="2239" />
    <span id="t_379" from="2240" to="2244" />
    <span id="t_380" from="2245" to="2248" />
    <span id="t_381" from="2249" to="2254" />
    <span id="t_382" from="2255" to="2256" />
    <span id="t_383" from="2257" to="2260" />
    <span id="t_384" from="2261" to="2268" />
    <span id="t_385" from="2269" to="2271" />
    <span id="t_386" from="2272" to="2275" />
    <span id="t_387" from="2276" to="2277" />
    <span id="t_388" from="2278" to="2280" />
    <span id="t_389" from="2281" to="2296" />
    <span id="t_390" from="2297" to="2300" />
    <span id="t_391" from="2301" to="2317" />
    <span id="t_392" from="2318" to="2324" />
    <span id="t_393" from="2325" to="2336" />
    <span id="t_394" from="2337" to="2339" />
    <span id="t_395" from="2340" to="2345" />
    <span id="t_396" from="2346" to="2347" />
    <span id="t_397" from="2348" to="2352" />
    <span id="t_398" from="2353" to="2359" />
    <span id="t_399" from="2360" to="2374" />
    <span id="t_400" from="2375" to="2378" />
    <span id="t_401" from="2379" to="2395" />
    <span id="t_402" from="2396" to="2397" />
    <span id="t_403" from="2398" to="2408" />
    <span id="t_404" from="2409" to="2410" />
    <span id="t_405" from="2411" to="2414" />
    <span id="t_406" from="2415" to="2420" />
    <span id="t_407" from="2421" to="2424" />
    <span id="t_408" from="2425" to="2430" />
    <span id="t_409" from="2431" to="2436" />
    <span id="t_410" from="2437" to="2442" />
    <span id="t_411" from="2443" to="2450" />
    <span id="t_412" from="2451" to="2458" />
    <span id="t_413" from="2459" to="2460" />
    <span id="t_414" from="2461" to="2464" />
    <span id="t_415" from="2465" to="2470" />
    <span id="t_416" from="2471" to="2483" />
    <span id="t_417" from="2484" to="2487" />
    <span id="t_418" from="2488" to="2496" />
    <span id="t_419" from="2497" to="2507" />
    <span id="t_420" from="2508" to="2509" />
    <span id="t_421" from="2510" to="2513" />
    <span id="t_422" from="2514" to="2519" />
    <span id="t_423" from="2520" to="2523" />
    <span id="t_424" from="2524" to="2530" />
    <span id="t_425" from="2531" to="2535" />
    <span id="t_426" from="2536" to="2539" />
    <span id="t_427" from="2540" to="2543" />
    <span id="t_428" from="2544" to="2547" />
    <span id="t_429" from="2548" to="2553" />
    <span id="t_430" from="2554" to="2556" />
    <span id="t_431" from="2557" to="2563" />
    <span id="t_432" from="2564" to="2569" />
    <span id="t_433" from="2570" to="2571" />
    <span id="t_434" from="2572" to="2575" />
    <span id="t_435" from="2576" to="2586" />
    <span id="t_436" from="2587" to="2590" />
    <span id="t_437" from="2591" to="2594" />
    <span id="t_438" from="2595" to="2602" />
    <span id="t_439" from="2603" to="2611" />
    <span id="t_440" from="2612" to="2619" />
    <span id="t_441" from="2620" to="2623" />
    <span id="t_442" from="2624" to="2627" />
    <span id="t_443" from="2628" to="2641" />
    <span id="t_444" from="2642" to="2643" />
    <span id="t_445" from="2644" to="2654" />
    <span id="t_446" from="2655" to="2656" />
    <span id="t_447" from="2657" to="2660" />
    <span id="t_448" from="2661" to="2666" />
    <span id="t_449" from="2667" to="2670" />
    <span id="t_450" from="2671" to="2674" />
    <span id="t_451" from="2675" to="2683" />
    <span id="t_452" from="2684" to="2688" />
    <span id="t_453" from="2689" to="2698" />
    <span id="t_454" from="2699" to="2700" />
    <span id="t_455" from="2701" to="2705" />
    <span id="t_456" from="2706" to="2710" />
    <span id="t_457" from="2711" to="2717" />
    <span id="t_458" from="2718" to="2722" />
    <span id="t_459" from="2723" to="2731" />
    <span id="t_460" from="2732" to="2739" />
    <span id="t_461" from="2740" to="2742" />
    <span id="t_462" from="2743" to="2746" />
    <span id="t_463" from="2747" to="2755" />
    <span id="t_464" from="2756" to="2757" />
    <span id="t_465" from="2758" to="2761" />
    <span id="t_466" from="2762" to="2767" />
    <span id="t_467" from="2768" to="2772" />
    <span id="t_468" from="2773" to="2776" />
    <span id="t_469" from="2777" to="2783" />
    <span id="t_470" from="2784" to="2787" />
    <span id="t_471" from="2788" to="2794" />
    <span id="t_472" from="2795" to="2798" />
    <span id="t_473" from="2799" to="2807" />
    <span id="t_474" from="2808" to="2816" />
    <span id="t_475" from="2817" to="2820" />
    <span id="t_476" from="2821" to="2827" />
    <span id="t_477" from="2828" to="2834" />
    <span id="t_478" from="2835" to="2845" />
    <span id="t_479" from="2846" to="2847" />
    <span id="t_480" from="2848" to="2851" />
    <span id="t_481" from="2852" to="2857" />
    <span id="t_482" from="2858" to="2866" />
    <span id="t_483" from="2867" to="2874" />
    <span id="t_484" from="2875" to="2876" />
    <span id="t_485" from="2877" to="2880" />
    <span id="t_486" from="2881" to="2889" />
    <span id="t_487" from="2890" to="2893" />
    <span id="t_488" from="2894" to="2895" />
    <span id="t_489" from="2896" to="2900" />
    <span id="t_490" from="2901" to="2904" />
    <span id="t_491" from="2905" to="2911" />
    <span id="t_492" from="2912" to="2915" />
    <span id="t_493" from="2916" to="2923" />
    <span id="t_494" from="2924" to="2935" />
    <span id="t_495" from="2936" to="2937" />
    <span id="t_496" from="2938" to="2942" />
    <span id="t_497" from="2943" to="2946" />
    <span id="t_498" from="2947" to="2953" />
    <span id="t_499" from="2954" to="2955" />
    <span id="t_500" from="2956" to="2966" />
    <span id="t_501" from="2967" to="2969" />
    <span id="t_502" from="2970" to="2979" />
    <span id="t_503" from="2980" to="2981" />
    <span id="t_504" from="2982" to="2986" />
    <span id="t_505" from="2987" to="2990" />
    <span id="t_506" from="2991" to="2995" />
    <span id="t_507" from="2996" to="3005" />
    <span id="t_508" from="3006" to="3007" />
    <span id="t_509" from="3008" to="3012" />
    <span id="t_510" from="3013" to="3016" />
    <span id="t_511" from="3017" to="3023" />
    <span id="t_512" from="3024" to="3027" />
    <span id="t_513" from="3028" to="3036" />
    <span id="t_514" from="3037" to="3041" />
    <span id="t_515" from="3042" to="3048" />
    <span id="t_516" from="3049" to="3050" />
    <span id="t_517" from="3051" to="3054" />
    <span id="t_518" from="3055" to="3059" />
    <span id="t_519" from="3060" to="3063" />
    <span id="t_520" from="3064" to="3067" />
    <span id="t_521" from="3068" to="3074" />
    <span id="t_522" from="3075" to="3076" />
    <span id="t_523" from="3077" to="3080" />
    <span id="t_524" from="3081" to="3083" />
    <span id="t_525" from="3084" to="3087" />
    <span id="t_526" from="3088" to="3099" />
    <span id="t_527" from="3100" to="3105" />
    <span id="t_528" from="3106" to="3108" />
    <span id="t_529" from="3109" to="3112" />
    <span id="t_530" from="3113" to="3126" />
    <span id="t_531" from="3127" to="3133" />
    <span id="t_532" from="3134" to="3135" />
    <span id="t_533" from="3136" to="3142" />
    <span id="t_534" from="3143" to="3150" />
    <span id="t_535" from="3151" to="3152" />
    <span id="t_536" from="3153" to="3155" />
    <span id="t_537" from="3156" to="3157" />
    <span id="t_538" from="3158" to="3162" />
    <span id="t_539" from="3163" to="3166" />
    <span id="t_540" from="3167" to="3171" />
    <span id="t_541" from="3172" to="3175" />
    <span id="t_542" from="3176" to="3179" />
    <span id="t_543" from="3180" to="3183" />
    <span id="t_544" from="3184" to="3189" />
    <span id="t_545" from="3190" to="3191" />
    <span id="t_546" from="3192" to="3193" />
    <span id="t_547" from="3194" to="3197" />
    <span id="t_548" from="3198" to="3204" />
    <span id="t_549" from="3205" to="3208" />
    <span id="t_550" from="3209" to="3214" />
    <span id="t_551" from="3215" to="3221" />
    <span id="t_552" from="3222" to="3223" />
    <span id="t_553" from="3224" to="3227" />
    <span id="t_554" from="3228" to="3236" />
    <span id="t_555" from="3237" to="3239" />
    <span id="t_556" from="3240" to="3245" />
    <span id="t_557" from="3246" to="3252" />
    <span id="t_558" from="3253" to="3263" />
    <span id="t_559" from="3264" to="3267" />
    <span id="t_560" from="3268" to="3269" />
    <span id="t_561" from="3270" to="3280" />
    <span id="t_562" from="3281" to="3282" />
    <span id="t_563" from="3283" to="3286" />
    <span id="t_564" from="3287" to="3293" />
    <span id="t_565" from="3294" to="3296" />
    <span id="t_566" from="3297" to="3308" />
    <span id="t_567" from="3309" to="3312" />
    <span id="t_568" from="3313" to="3318" />
    <span id="t_569" from="3319" to="3327" />
    <span id="t_570" from="3328" to="3338" />
    <span id="t_571" from="3339" to="3342" />
    <span id="t_572" from="3343" to="3353" />
    <span id="t_573" from="3354" to="3355" />
    <span id="t_574" from="3356" to="3360" />
    <span id="t_575" from="3361" to="3364" />
    <span id="t_576" from="3365" to="3374" />
    <span id="t_577" from="3375" to="3381" />
    <span id="t_578" from="3382" to="3383" />
    <span id="t_579" from="3384" to="3388" />
    <span id="t_580" from="3389" to="3392" />
    <span id="t_581" from="3393" to="3401" />
    <span id="t_582" from="3402" to="3403" />
    <span id="t_583" from="3404" to="3410" />
    <span id="t_584" from="3411" to="3413" />
    <span id="t_585" from="3414" to="3422" />
    <span id="t_586" from="3423" to="3425" />
    <span id="t_587" from="3426" to="3433" />
    <span id="t_588" from="3434" to="3438" />
    <span id="t_589" from="3439" to="3442" />
    <span id="t_590" from="3443" to="3446" />
    <span id="t_591" from="3447" to="3455" />
    <span id="t_592" from="3456" to="3467" />
    <span id="t_593" from="3468" to="3469" />
    <span id="t_594" from="3470" to="3475" />
    <span id="t_595" from="3476" to="3484" />
    <span id="t_596" from="3485" to="3488" />
    <span id="t_597" from="3489" to="3495" />
    <span id="t_598" from="3496" to="3502" />
    <span id="t_599" from="3503" to="3504" />
    <span id="t_600" from="3505" to="3510" />
    <span id="t_601" from="3511" to="3512" />
    <span id="t_602" from="3513" to="3516" />
    <span id="t_603" from="3517" to="3522" />
    <span id="t_604" from="3523" to="3524" />
    <span id="t_605" from="3525" to="3529" />
    <span id="t_606" from="3530" to="3534" />
    <span id="t_607" from="3535" to="3540" />
    <span id="t_608" from="3541" to="3544" />
    <span id="t_609" from="3545" to="3554" />
    <span id="t_610" from="3555" to="3556" />
    <span id="t_611" from="3557" to="3560" />
    <span id="t_612" from="3561" to="3564" />
    <span id="t_613" from="3565" to="3568" />
    <span id="t_614" from="3569" to="3571" />
    <span id="t_615" from="3572" to="3575" />
    <span id="t_616" from="3576" to="3581" />
    <span id="t_617" from="3582" to="3587" />
    <span id="t_618" from="3588" to="3594" />
    <span id="t_619" from="3595" to="3596" />
    <span id="t_620" from="3597" to="3601" />
    <span id="t_621" from="3602" to="3607" />
    <span id="t_622" from="3608" to="3612" />
    <span id="t_623" from="3613" to="3615" />
    <span id="t_624" from="3616" to="3622" />
    <span id="t_625" from="3623" to="3633" />
    <span id="t_626" from="3634" to="3641" />
    <span id="t_627" from="3642" to="3645" />
    <span id="t_628" from="3646" to="3649" />
    <span id="t_629" from="3650" to="3654" />
    <span id="t_630" from="3655" to="3662" />
    <span id="t_631" from="3663" to="3664" />
    <span id="t_632" from="3665" to="3669" />
    <span id="t_633" from="3670" to="3676" />
    <span id="t_634" from="3677" to="3683" />
    <span id="t_635" from="3684" to="3690" />
    <span id="t_636" from="3691" to="3693" />
    <span id="t_637" from="3694" to="3702" />
    <span id="t_638" from="3703" to="3704" />
    <span id="t_639" from="3705" to="3715" />
    <span id="t_640" from="3716" to="3720" />
    <span id="t_641" from="3721" to="3725" />
    <span id="t_642" from="3726" to="3732" />
    <span id="t_643" from="3733" to="3734" />
    <span id="t_644" from="3735" to="3741" />
    <span id="t_645" from="3742" to="3745" />
    <span id="t_646" from="3746" to="3750" />
    <span id="t_647" from="3751" to="3752" />
    <span id="t_648" from="3753" to="3757" />
    <span id="t_649" from="3758" to="3763" />
    <span id="t_650" from="3764" to="3767" />
    <span id="t_651" from="3768" to="3774" />
    <span id="t_652" from="3775" to="3780" />
    <span id="t_653" from="3781" to="3784" />
    <span id="t_654" from="3785" to="3788" />
    <span id="t_655" from="3789" to="3801" />
    <span id="t_656" from="3802" to="3808" />
    <span id="t_657" from="3809" to="3810" />

  </spanList>
</layer>