<?xml version="1.0" encoding="UTF-8"?>
<?xml-model href="header.rng" type="application/xml" schematypens="http://relaxng.org/ns/structure/1.0"?>
<!DOCTYPE idsCorpus PUBLIC "-//IDS//DTD IDS-XCES 1.0//EN" "http://corpora.ids-mannheim.de/idsxces1/DTD/ids.xcesdoc.dtd">
<idsHeader pattern="text" status="new" type="text" TEIform="teiHeader" version="1.0">
    <fileDesc>
     <titleStmt>
      <textSigle>TLX/CE2011.000000</textSigle>
      <t.title assemblage="external">Verabschiedung Seiner Heiligkeit Papst Benedikt XVI. nach dem offiziellen Besuch in Deutschland</t.title>
     </titleStmt>
     <editionStmt version="0"/>
     <publicationStmt>
      <distributor/>
      <pubAddress/>
      <availability region="ids" status="unknown" Default="n"></availability>
      <pubDate/>
     </publicationStmt>
     <sourceDesc Default="n">
      <biblStruct Default="n" status="draft">
       <analytic>
        <h.title type="main">Verabschiedung Seiner Heiligkeit Papst Benedikt XVI. nach dem offiziellen Besuch in Deutschland</h.title>
        <h.title type="sub"/>
        <h.title level="m" type="abbr"/>
        <h.title level="a" type="abbr"/>
        <h.author>p_0</h.author>
        <editor/>
        <imprint>
         <pubDate type="year">2011</pubDate>
         <pubDate type="day">25</pubDate>
         <pubDate type="month">09</pubDate>
         <pubDate type="time">00:00:00 +02:00</pubDate>
        </imprint>
        <biblScope/>
       </analytic>
       <monogr>
        <h.title type="main"/>
        <editor></editor>
        <edition>
         <further>Exported by CorpusExplorer v2.0</further>
         <kind/>
         <appearance/>
        </edition>
        <imprint/>
        <biblScope/>
       </monogr>
      </biblStruct>
      <reference type="complete" assemblage="non-automatic">TLX/CE2011.000000 Verabschiedung Seiner Heiligkeit Papst Benedikt XVI. nach dem offiziellen Besuch in Deutschland, 25.09.2011 00:00:00 +02:00 Uhr</reference>
      <reference type="short" assemblage="non-automatic">TLX/CE2011.000000 Verabschiedung Seiner Heiligkeit Papst Benedikt XVI. nach dem offiziellen Besuch in Deutschland, 25.09.2011</reference>
     </sourceDesc>
    </fileDesc>
    <encodingDesc>
     <samplingDecl Default="n"/>
     <editorialDecl Default="n">
      <pagination type="no"/>
     </editorialDecl>
    </encodingDesc>
    <profileDesc>
     <creation>
      <creatDate>2011.09.25</creatDate>
      <creatRef>(25.09.2011)</creatRef>
      <creatRefShort>(25.09.2011)</creatRefShort>
     </creation>
     <textDesc Default="n">
      <textTypeArt></textTypeArt>
      <textDomain/>
     </textDesc>
     <correspDesc Default="n">
      <correspContext>
       <ref type="prev" n="3"><gap reason="anonymisation" instant="false"/></ref>
       <ref type="prev" n="2"><gap reason="anonymisation" instant="false"/></ref>
       <ref type="prev" n="1"><gap reason="anonymisation" instant="false"/></ref>
      </correspContext>
     </correspDesc>
    </profileDesc>
    <xenoData>
        <meta name="Ort" type="text">Lahr</meta>
        <meta name="Autor" type="text">Christian Wulff</meta>
        <meta name="Url" type="text">http://www.bundespraesident.de/SharedDocs/Reden/DE/Christian-Wulff/Reden/2011/09/110925-Papst-Verabschiedung.html</meta>
        <meta name="GUID" type="text">24bb0dae-4ddf-4e5b-82f8-f33d8564a75b</meta>

    </xenoData>
   </idsHeader>