<?xml version="1.0" encoding="UTF-8"?>
<?xml-model href="header.rng" type="application/xml" schematypens="http://relaxng.org/ns/structure/1.0"?>
<!DOCTYPE idsCorpus PUBLIC "-//IDS//DTD IDS-XCES 1.0//EN" "http://corpora.ids-mannheim.de/idsxces1/DTD/ids.xcesdoc.dtd">
<idsHeader pattern="text" status="new" type="text" TEIform="teiHeader" version="1.0">
    <fileDesc>
     <titleStmt>
      <textSigle>TLX/CE2007.000000</textSigle>
      <t.title assemblage="external">Tischrede von Bundespräsident Horst Köhler anlässlich eines Mittagessens für das Deutsch-Spanische Forum</t.title>
     </titleStmt>
     <editionStmt version="0"/>
     <publicationStmt>
      <distributor/>
      <pubAddress/>
      <availability region="ids" status="unknown" Default="n"></availability>
      <pubDate/>
     </publicationStmt>
     <sourceDesc Default="n">
      <biblStruct Default="n" status="draft">
       <analytic>
        <h.title type="main">Tischrede von Bundespräsident Horst Köhler anlässlich eines Mittagessens für das Deutsch-Spanische Forum</h.title>
        <h.title type="sub"/>
        <h.title level="m" type="abbr"/>
        <h.title level="a" type="abbr"/>
        <h.author>p_0</h.author>
        <editor/>
        <imprint>
         <pubDate type="year">2007</pubDate>
         <pubDate type="day">06</pubDate>
         <pubDate type="month">02</pubDate>
         <pubDate type="time">00:00:00 +01:00</pubDate>
        </imprint>
        <biblScope/>
       </analytic>
       <monogr>
        <h.title type="main"/>
        <editor></editor>
        <edition>
         <further>Exported by CorpusExplorer v2.0</further>
         <kind/>
         <appearance/>
        </edition>
        <imprint/>
        <biblScope/>
       </monogr>
      </biblStruct>
      <reference type="complete" assemblage="non-automatic">TLX/CE2007.000000 Tischrede von Bundespräsident Horst Köhler anlässlich eines Mittagessens für das Deutsch-Spanische Forum, 06.02.2007 00:00:00 +01:00 Uhr</reference>
      <reference type="short" assemblage="non-automatic">TLX/CE2007.000000 Tischrede von Bundespräsident Horst Köhler anlässlich eines Mittagessens für das Deutsch-Spanische Forum, 06.02.2007</reference>
     </sourceDesc>
    </fileDesc>
    <encodingDesc>
     <samplingDecl Default="n"/>
     <editorialDecl Default="n">
      <pagination type="no"/>
     </editorialDecl>
    </encodingDesc>
    <profileDesc>
     <creation>
      <creatDate>2007.02.06</creatDate>
      <creatRef>(06.02.2007)</creatRef>
      <creatRefShort>(06.02.2007)</creatRefShort>
     </creation>
     <textDesc Default="n">
      <textTypeArt></textTypeArt>
      <textDomain/>
     </textDesc>
     <correspDesc Default="n">
      <correspContext>
       <ref type="prev" n="3"><gap reason="anonymisation" instant="false"/></ref>
       <ref type="prev" n="2"><gap reason="anonymisation" instant="false"/></ref>
       <ref type="prev" n="1"><gap reason="anonymisation" instant="false"/></ref>
      </correspContext>
     </correspDesc>
    </profileDesc>
    <xenoData>
        <meta name="Ort" type="text">Berlin</meta>
        <meta name="Autor" type="text">Horst Köhler</meta>
        <meta name="Url" type="text">http://www.bundespraesident.de/SharedDocs/Reden/DE/Horst-Koehler/Reden/2007/02/20070206_Rede.html</meta>
        <meta name="GUID" type="text">e000fb58-9fa5-46d7-b5b6-621370643111</meta>

    </xenoData>
   </idsHeader>