<?xml version="1.0" encoding="UTF-8"?>
<?xml-model href="header.rng" type="application/xml" schematypens="http://relaxng.org/ns/structure/1.0"?>
<!DOCTYPE idsCorpus PUBLIC "-//IDS//DTD IDS-XCES 1.0//EN" "http://corpora.ids-mannheim.de/idsxces1/DTD/ids.xcesdoc.dtd">
<idsHeader pattern="text" status="new" type="text" TEIform="teiHeader" version="1.0">
    <fileDesc>
     <titleStmt>
      <textSigle>TLX/CE1989.000000</textSigle>
      <t.title assemblage="external">40 Jahre Grundgesetz der Bundesrepublik Deutschland - Rede von Bundespräsident Richard von Weizsäcker bei einem Staatsakt in der Beethovenhalle in Bonn</t.title>
     </titleStmt>
     <editionStmt version="0"/>
     <publicationStmt>
      <distributor/>
      <pubAddress/>
      <availability region="ids" status="unknown" Default="n"></availability>
      <pubDate/>
     </publicationStmt>
     <sourceDesc Default="n">
      <biblStruct Default="n" status="draft">
       <analytic>
        <h.title type="main">40 Jahre Grundgesetz der Bundesrepublik Deutschland - Rede von Bundespräsident Richard von Weizsäcker bei einem Staatsakt in der Beethovenhalle in Bonn</h.title>
        <h.title type="sub"/>
        <h.title level="m" type="abbr"/>
        <h.title level="a" type="abbr"/>
        <h.author>p_0</h.author>
        <editor/>
        <imprint>
         <pubDate type="year">1989</pubDate>
         <pubDate type="day">24</pubDate>
         <pubDate type="month">05</pubDate>
         <pubDate type="time">00:00:00 +02:00</pubDate>
        </imprint>
        <biblScope/>
       </analytic>
       <monogr>
        <h.title type="main"/>
        <editor></editor>
        <edition>
         <further>Exported by CorpusExplorer v2.0</further>
         <kind/>
         <appearance/>
        </edition>
        <imprint/>
        <biblScope/>
       </monogr>
      </biblStruct>
      <reference type="complete" assemblage="non-automatic">TLX/CE1989.000000 40 Jahre Grundgesetz der Bundesrepublik Deutschland - Rede von Bundespräsident Richard von Weizsäcker bei einem Staatsakt in der Beethovenhalle in Bonn, 24.05.1989 00:00:00 +02:00 Uhr</reference>
      <reference type="short" assemblage="non-automatic">TLX/CE1989.000000 40 Jahre Grundgesetz der Bundesrepublik Deutschland - Rede von Bundespräsident Richard von Weizsäcker bei einem Staatsakt in der Beethovenhalle in Bonn, 24.05.1989</reference>
     </sourceDesc>
    </fileDesc>
    <encodingDesc>
     <samplingDecl Default="n"/>
     <editorialDecl Default="n">
      <pagination type="no"/>
     </editorialDecl>
    </encodingDesc>
    <profileDesc>
     <creation>
      <creatDate>1989.05.24</creatDate>
      <creatRef>(24.05.1989)</creatRef>
      <creatRefShort>(24.05.1989)</creatRefShort>
     </creation>
     <textDesc Default="n">
      <textTypeArt></textTypeArt>
      <textDomain/>
     </textDesc>
     <correspDesc Default="n">
      <correspContext>
       <ref type="prev" n="3"><gap reason="anonymisation" instant="false"/></ref>
       <ref type="prev" n="2"><gap reason="anonymisation" instant="false"/></ref>
       <ref type="prev" n="1"><gap reason="anonymisation" instant="false"/></ref>
      </correspContext>
     </correspDesc>
    </profileDesc>
    <xenoData>
        <meta name="Ort" type="text">Bonn</meta>
        <meta name="Autor" type="text">Richard von Weizsäcker</meta>
        <meta name="Url" type="text">http://www.bundespraesident.de/SharedDocs/Reden/DE/Richard-von-Weizsaecker/Reden/1989/05/19890524_Rede.html</meta>
        <meta name="GUID" type="text">81ebb260-dcd5-4862-bd10-97a41f9cf6f5</meta>

    </xenoData>
   </idsHeader>