<?xml version="1.0" encoding="UTF-8"?>
<?xml-model href="header.rng" type="application/xml" schematypens="http://relaxng.org/ns/structure/1.0"?>
<!DOCTYPE idsCorpus PUBLIC "-//IDS//DTD IDS-XCES 1.0//EN" "http://corpora.ids-mannheim.de/idsxces1/DTD/ids.xcesdoc.dtd">
<idsHeader pattern="text" status="new" type="text" TEIform="teiHeader" version="1.0">
    <fileDesc>
     <titleStmt>
      <textSigle>TLX/CE1998.000000</textSigle>
      <t.title assemblage="external">Ansprache von Bundespräsident Roman Herzog an der Universität Fort Hare/Südafrika</t.title>
     </titleStmt>
     <editionStmt version="0"/>
     <publicationStmt>
      <distributor/>
      <pubAddress/>
      <availability region="ids" status="unknown" Default="n"></availability>
      <pubDate/>
     </publicationStmt>
     <sourceDesc Default="n">
      <biblStruct Default="n" status="draft">
       <analytic>
        <h.title type="main">Ansprache von Bundespräsident Roman Herzog an der Universität Fort Hare/Südafrika</h.title>
        <h.title type="sub"/>
        <h.title level="m" type="abbr"/>
        <h.title level="a" type="abbr"/>
        <h.author>p_0</h.author>
        <editor/>
        <imprint>
         <pubDate type="year">1998</pubDate>
         <pubDate type="day">11</pubDate>
         <pubDate type="month">03</pubDate>
         <pubDate type="time">00:00:00 +01:00</pubDate>
        </imprint>
        <biblScope/>
       </analytic>
       <monogr>
        <h.title type="main"/>
        <editor></editor>
        <edition>
         <further>Exported by CorpusExplorer v2.0</further>
         <kind/>
         <appearance/>
        </edition>
        <imprint/>
        <biblScope/>
       </monogr>
      </biblStruct>
      <reference type="complete" assemblage="non-automatic">TLX/CE1998.000000 Ansprache von Bundespräsident Roman Herzog an der Universität Fort Hare/Südafrika, 11.03.1998 00:00:00 +01:00 Uhr</reference>
      <reference type="short" assemblage="non-automatic">TLX/CE1998.000000 Ansprache von Bundespräsident Roman Herzog an der Universität Fort Hare/Südafrika, 11.03.1998</reference>
     </sourceDesc>
    </fileDesc>
    <encodingDesc>
     <samplingDecl Default="n"/>
     <editorialDecl Default="n">
      <pagination type="no"/>
     </editorialDecl>
    </encodingDesc>
    <profileDesc>
     <creation>
      <creatDate>1998.03.11</creatDate>
      <creatRef>(11.03.1998)</creatRef>
      <creatRefShort>(11.03.1998)</creatRefShort>
     </creation>
     <textDesc Default="n">
      <textTypeArt></textTypeArt>
      <textDomain/>
     </textDesc>
     <correspDesc Default="n">
      <correspContext>
       <ref type="prev" n="3"><gap reason="anonymisation" instant="false"/></ref>
       <ref type="prev" n="2"><gap reason="anonymisation" instant="false"/></ref>
       <ref type="prev" n="1"><gap reason="anonymisation" instant="false"/></ref>
      </correspContext>
     </correspDesc>
    </profileDesc>
    <xenoData>
        <meta name="Ort" type="text">-</meta>
        <meta name="Autor" type="text">Roman Herzog</meta>
        <meta name="Url" type="text">http://www.bundespraesident.de/SharedDocs/Reden/DE/Roman-Herzog/Reden/1998/03/19980311_Rede.html</meta>
        <meta name="GUID" type="text">11acd436-54c9-4afe-bc7e-1283f301ece0</meta>

    </xenoData>
   </idsHeader>